Sl_No,Sites,Areas,Location_ID,Latitude,Longitude,Season,pH,EC,TDS,TH,Alkalinity,Ca,Mg,Na,K,Iron,HCO3,Cl,SO4,NO3,F,DO,Data_Type,CBE,TCC_meq,TCA_meq,CBE_Valid,Na_Cl,Ca_Mg,Facies
1,Population Density,Acharya Vihar,PD-1,20.303531,85.826217,Premonsoon,4.89,300.0,192.0,7.0,102.0,32.55,5.04,16.48,4.27,0.12,63.12,31.03,6.7,24.02,0.05,5.18,Original,8.081458075102754,2.865106878774744,2.4366477973767604,True,0.818941161347877,3.91560628742515,Ca-HCO3
2,Population Density,Ram Mandir,PD-2,20.278197,85.840284,Premonsoon,5.58,403.0,258.0,22.0,113.0,34.73,6.46,28.92,6.31,0.39,65.34,54.56,22.8,28.82,0.05,6.11,Original,1.8612546881515382,3.684040483117669,3.549407591709933,True,0.8173370673721457,3.2594988042490867,Na-K-SO4
3,Population Density,Sailashree Vihar,PD-3,20.337294,85.810481,Premonsoon,5.13,331.0,212.0,6.0,107.0,32.64,6.19,15.88,6.5,0.28,89.0,27.01,14.4,12.35,0.03,6.51,Original,4.824804937109078,2.9951830469717087,2.7194625443436395,True,0.9065738383428625,3.196966325829762,Ca-HCO3
4,Population Density,OMFED Square,PD-4,20.323147,85.82309,Premonsoon,5.81,366.0,234.0,16.0,107.0,32.75,6.05,27.83,4.18,0.27,95.42,38.54,8.5,17.84,0.06,6.3,Original,5.087043251899427,3.4496056103908863,3.115629272318663,True,1.1134706251877748,3.281969119612016,Na-K-HCO3
5,Population Density,Old Town Bhubaneswar,PD-5,20.228015,85.833273,Premonsoon,7.81,350.0,224.0,49.0,108.0,32.12,6.71,21.16,5.6,0.12,81.85,39.12,11.9,4.87,0.08,7.48,Original,7.470611503642716,3.218680466045794,2.7711997830987767,True,0.8340538386477274,2.9022283302247964,Na-K-SO4
6,Industrial areas,Mancheswar Industrial Estate,IA-1,20.305158,85.857224,Premonsoon,6.76,508.0,325.0,42.0,119.0,34.3,8.13,33.87,8.71,0.35,116.25,64.85,22.9,32.89,0.07,6.34,Original,-7.540960665481612,4.076724035913595,4.74171938564076,True,0.8053459601455899,2.5578915968800406,Na-K-SO4
7,Industrial areas,Chandaka Industrial Estate,IA-2,20.347449,85.814168,Premonsoon,4.48,422.0,270.0,9.0,116.0,33.32,8.0,34.55,5.51,0.36,101.5,44.61,7.8,32.65,0.03,6.18,Original,4.673741137945154,3.96485889702735,3.6107925584837854,True,1.1942440789095854,2.5251871257485035,Na-K-HCO3
8,Industrial areas,OMFED Industries,IA-3,20.32916,85.826771,Premonsoon,6.38,409.0,262.0,39.0,113.0,33.5,7.06,32.74,6.37,0.26,76.1,58.13,19.09,22.66,0.04,6.79,Original,2.5353787486757944,3.839739680164313,3.6498502097328887,True,0.8684715985461634,2.8768595952570784,Na-K-SO4
9,Industrial areas,Rasulgarh,IA-4,20.298776,85.866261,Premonsoon,6.57,395.0,253.0,36.0,112.0,33.44,6.95,21.69,5.94,0.22,111.38,41.79,15.71,9.85,0.08,6.54,Original,-2.256817169474722,3.336050969634915,3.490104825637722,True,0.8003214356752383,2.91715848877784,Ca-HCO3
10,Industrial areas,Anmol Industries Dabua,IA-5,20.36326,85.753206,Premonsoon,5.35,350.0,224.0,11.0,105.0,31.53,6.39,20.37,5.53,0.22,83.89,35.01,12.08,13.39,0.03,6.39,Original,4.984183399636352,3.1267488519715467,2.829860516640025,True,0.8971729819566872,2.9915872480391332,Ca-HCO3
11,"Dumping 
Yard",Bhuasuni Temple Area,DY-1,20.388678,85.792107,Premonsoon,5.44,425.0,272.0,9.0,118.0,34.15,8.07,22.45,7.63,0.32,122.79,32.1,15.7,19.74,0.04,7.36,Original,-0.32544489602945775,3.539941538943861,3.5630578880439945,True,1.0784216082029436,2.5656400952741354,Na-K-HCO3
12,"Dumping 
Yard",Lingaraj Railway Station,DY-2,20.235861,85.83582,Premonsoon,6.61,488.0,312.0,38.0,124.0,34.32,9.4,31.15,9.17,0.34,119.11,55.48,25.4,25.32,0.06,5.39,Original,-4.437624149283379,4.0757011850592875,4.45422735381708,True,0.8657626917191984,2.213594088418907,Na-K-SO4
13,"Dumping 
Yard","BMC Micro 
Composting",DY-3,20.284301,85.833995,Premonsoon,6.87,395.0,253.0,35.0,119.0,32.88,8.97,25.31,7.62,0.23,89.53,35.45,24.8,18.98,0.07,7.11,Original,5.529362958192606,3.674788518924816,3.2896968449840913,True,1.1009134406263592,2.222377986501913,Na-K-SO4
14,"Dumping 
Yard",Gadakan Road,DY-4,20.326795,85.835968,Premonsoon,5.81,463.0,296.0,14.0,123.0,35.19,8.6,33.03,7.79,0.39,98.33,45.45,21.65,42.86,0.07,5.62,Original,0.7888399988293431,4.099751304311245,4.03557658389317,True,1.1206034479045992,2.480843545467205,Na-K-SO4
15,"Dumping 
Yard",Daruthenga,DY-5,20.382316,85.795063,Premonsoon,5.96,402.0,257.0,30.0,109.0,33.46,6.18,26.57,8.32,0.24,85.43,49.48,7.1,37.17,0.05,5.2,Original,0.05174063126010828,3.546810255944439,3.5431418699584576,True,0.8280167680369978,3.2825853148072786,Na-K-SO4
1,Population Density,Acharya Vihar,PD-1,20.303531,85.826217,Monsoon,5.85,668.92,428.1088,111.0,69.0,40.39,9.81,80.31,12.15,0.1,146.7,60.87,28.92,38.38,0.2,7.27,Original,10.731887376759843,6.6268760954972095,5.34235201482947,False,2.0344339397140767,2.496223150030215,Na-K-HCO3
2,Population Density,Ram Mandir,PD-2,20.278197,85.840284,Monsoon,6.74,569.52,370.188,74.0,97.0,34.16,11.28,50.78,18.75,0.38,181.42,43.15,11.07,3.5,0.08,6.47,Original,8.613991857667141,5.321311950917525,4.477263462627391,True,1.814634505304085,1.83606191871576,Na-K-HCO3
3,Population Density,Sailashree Vihar,PD-3,20.337294,85.810481,Monsoon,6.04,616.86,400.959,249.0,34.0,68.89,8.45,30.06,6.56,0.29,56.69,152.59,30.38,36.75,0.06,4.49,Original,-7.0462598970210495,5.608397948463483,6.458675290870858,True,0.3037667057834308,4.942856889770755,Ca-Cl
4,Population Density,OMFED Square,PD-4,20.323147,85.82309,Monsoon,5.75,594.37,386.3405,111.0,117.0,49.61,6.4,43.98,7.23,0.18,167.0,55.99,7.1,11.23,0.03,6.39,Original,4.66934451022061,5.100214013954977,4.645168529177235,True,1.211217189796755,4.699674869011975,Na-K-HCO3
5,Population Density,Old Town Bhubaneswar,PD-5,20.228015,85.833273,Monsoon,6.87,626.89,407.4785,259.0,34.0,53.47,14.07,25.75,19.47,0.26,170.22,48.45,17.93,27.03,0.2,4.75,Original,4.597872540913766,5.444194524814309,4.965566959932517,True,0.8195221954535804,2.304064578731662,Na-K-HCO3
6,Industrial areas,Mancheswar Industrial Estate,IA-1,20.305158,85.857224,Monsoon,5.55,710.0,461.5,167.0,33.0,52.25,8.63,76.16,15.16,0.12,73.49,107.14,19.22,95.15,0.09,2.89,Original,6.499122734825974,7.018041951747925,6.161488116724602,True,1.096106016502618,3.670743680657225,Na-K-Cl
7,Industrial areas,Chandaka Industrial Estate,IA-2,20.347449,85.814168,Monsoon,4.78,469.64,305.266,62.0,64.0,30.87,5.66,47.69,19.21,0.5,62.94,54.54,30.08,42.5,0.21,5.1,Original,8.164709820621795,4.5719472961911665,3.88172914554883,True,1.3483090733315757,3.3067301792175368,Na-K-SO4
8,Industrial areas,OMFED Industries,IA-3,20.32916,85.826771,Monsoon,5.04,733.22,476.593,145.0,54.0,61.8,11.52,76.63,4.36,0.14,201.57,70.14,24.1,21.43,0.12,3.15,Original,9.902680049439061,7.476677777641859,6.129319408738892,True,1.6846525057137327,3.252479416167665,Na-K-HCO3
9,Industrial areas,Rasulgarh,IA-4,20.298776,85.866261,Monsoon,6.16,617.92,401.64799999999997,160.0,79.0,48.47,11.14,43.44,6.39,0.55,87.44,148.53,19.9,29.82,0.04,3.3,Original,-9.487438935420114,5.388479393991872,6.51810977023969,True,0.4509754533093301,2.6379489674152596,Na-K-Cl
10,Industrial areas,Anmol Industries Dabua,IA-5,20.36326,85.753206,Monsoon,5.547215253890415,656.18,426.517,111.0,87.0,41.45,10.54,48.95,19.17,0.46,132.04,130.32,21.22,16.67,0.05,6.56,Original,-8.222352476856136,5.555320918181338,6.550722477146342,True,0.5791871168797602,2.384308707064051,Na-K-Cl
11,"Dumping 
Yard",Bhuasuni Temple Area,DY-1,20.388678,85.792107,Monsoon,5.76,585.9,380.835,45.0,63.0,40.14,8.46,58.26,12.66,0.27,196.6,29.94,14.94,19.34,0.15,6.85,Original,8.468750201850634,5.557220755069517,4.689455351602731,True,3.0005160386017793,2.8766403363485793,Na-K-HCO3
12,"Dumping 
Yard",Lingaraj Railway Station,DY-2,20.235861,85.83582,Monsoon,5.52,695.31,451.95149999999995,151.0,45.0,60.74,13.07,57.95,12.34,0.34,82.1,131.57,32.05,12.13,0.15,6.04,Original,7.953972708607866,6.942920468404246,5.919821483936415,True,0.6791627119900353,2.8175897630904987,Na-K-Cl
13,"Dumping 
Yard","BMC Micro 
Composting",DY-3,20.284301,85.833995,Monsoon,6.77,545.46,354.54900000000004,110.0,125.0,46.61,6.61,28.68,17.53,0.58,65.62,130.78,15.45,17.8,0.13,2.3,Original,-8.125331255470467,4.565717733682526,5.373295480891662,True,0.3381544307281749,4.275197713498872,Ca-Cl
14,"Dumping 
Yard",Gadakan Road,DY-4,20.326795,85.835968,Monsoon,5.49,785.59,510.6335,179.0,122.0,61.62,8.78,71.8,19.59,0.27,238.22,57.45,22.72,26.27,0.03,4.93,Original,7.226070403328711,7.4216040608550635,6.421305658654099,True,1.9271329609006225,4.255060494046077,Na-K-HCO3
15,"Dumping 
Yard",Daruthenga,DY-5,20.382316,85.795063,Monsoon,5.66,637.62,414.45300000000003,274.0,109.0,50.21,12.05,57.55,19.7,0.3,112.41,92.65,32.13,7.34,0.05,4.86,Original,10.736737341527435,6.504357174368023,5.243067087027153,False,0.9578051603656015,2.526281461972321,Na-K-Cl
1,Population Density,Acharya Vihar,PD-1,20.303531,85.826217,Postmonsoon,5.23,453.03,294.4695,221.0,50.0,35.75,2.86,29.51,8.33,0.28,98.58,37.22,22.86,51.94,0.15,5.13,Original,-6.179903922563143,3.5159681263896867,3.979159833163224,True,1.2225597934199837,7.578592814371258,Ca-HCO3
2,Population Density,Ram Mandir,PD-2,20.278197,85.840284,Postmonsoon,6.35,375.09,243.80849999999998,170.0,74.0,20.98,15.37,10.64,3.43,0.25,87.12,42.18,12.78,26.41,0.16,6.02,Original,-7.244949023122589,2.86246046627805,3.3096249050978397,True,0.38896660906230296,0.8275803630215173,Na-K-SO4
3,Population Density,Sailashree Vihar,PD-3,20.337294,85.810481,Postmonsoon,6.26,330.33,214.7145,126.0,46.0,17.11,16.66,19.77,3.3,0.45,58.25,57.52,7.86,17.94,0.19,6.73,Original,2.2445252508185654,3.1693239117478607,3.030174602178658,True,0.5299868086808016,0.6226637361531439,Na-K-Cl
4,Population Density,OMFED Square,PD-4,20.323147,85.82309,Postmonsoon,6.19,325.67,211.68550000000002,74.0,48.0,12.08,7.18,27.96,7.42,0.26,15.75,50.23,27.84,53.33,0.09,5.45,Original,-9.014649536706747,2.5996916824454894,3.1148363579653635,True,0.858324001892296,1.020049038413424,Na-K-Cl
5,Population Density,Old Town Bhubaneswar,PD-5,20.228015,85.833273,Postmonsoon,5.14,476.06,309.439,210.0,28.0,64.62,2.8,8.64,4.21,0.33,140.58,35.95,9.53,13.62,0.04,7.01,Original,2.638045956656902,3.938491779359633,3.7360342556017527,True,0.3705886516541933,13.99224764756202,Ca-HCO3
6,Industrial areas,Mancheswar Industrial Estate,IA-1,20.305158,85.857224,Postmonsoon,5.68,526.84,342.446,234.0,71.0,47.78,15.13,21.37,7.17,0.32,61.89,146.38,11.77,17.98,0.2,7.28,Original,-8.982886557443008,4.74240956596965,5.678508845077729,True,0.22511272626003184,1.9146340498118106,Ca-Cl
7,Industrial areas,Chandaka Industrial Estate,IA-2,20.347449,85.814168,Postmonsoon,6.03,432.02,280.813,180.0,73.0,44.37,10.0781645371098,17.3,10.23,0.14,25.35,120.84,7.5,25.62,0.04,6.65,Original,-3.9742309762400194,4.05768833508633,4.393560483514274,True,0.22075607041848144,2.669233366337442,Ca-Cl
8,Industrial areas,OMFED Industries,IA-3,20.32916,85.826771,Postmonsoon,6.18,680.23,442.14950000000005,203.0,99.0,61.57,8.08,39.22,16.73,0.46,53.18,150.46,29.84,62.73,0.24,5.45,Original,-6.95436401463351,5.871212216062185,6.74885782566565,True,0.40194238032510077,4.619940193869686,Ca-Cl
9,Industrial areas,Rasulgarh,IA-4,20.298776,85.866261,Postmonsoon,5.92,458.12,297.778,90.0,20.0,42.65,9.0,24.7,2.95,0.54,86.07,94.95,10.04,8.73,0.11,5.1,Original,-4.965618324117194,4.0188119893365295,4.438783921673426,True,0.40112455881520936,2.8731287425149703,Ca-Cl
10,Industrial areas,Anmol Industries Dabua,IA-5,20.36326,85.753206,Postmonsoon,6.41,553.276324309217,359.62961080099103,234.0,104.0,62.74,19.34,21.01,5.58,0.05,93.03,93.73,24.78,27.59,0.17,5.25,Original,5.9547401282376065,5.779094665807775,5.129515291261262,True,0.3456405628096993,1.9668290100254509,Ca-Cl
11,"Dumping 
Yard",Bhuasuni Temple Area,DY-1,20.388678,85.792107,Postmonsoon,6.46,403.92,262.548,118.0,10.0,39.31,2.4,20.06,4.89,0.2,25.79,70.86,26.17,57.06,0.05,5.83,Original,-10.364053519569909,3.1567249331603797,3.8867103338495506,False,0.43652291728895376,9.93048278443114,Ca-Cl
12,"Dumping 
Yard",Lingaraj Railway Station,DY-2,20.235861,85.83582,Postmonsoon,6.33,415.84,270.296,121.0,17.0,41.18,14.35,15.34,8.54,0.48,83.32,50.96,25.78,18.59,0.09,7.22,Original,6.2112078117055125,4.121621129628371,3.6395581555847443,True,0.4641658751364835,1.7398547852031132,Na-K-SO4
13,"Dumping 
Yard","BMC Micro 
Composting",DY-3,20.284301,85.833995,Postmonsoon,5.11,352.75,229.2875,53.0,53.0,20.6,6.49,31.22,7.42,0.12,18.47,91.59,30.76,15.21,0.03,5.77,Original,-9.622733195063505,3.1098520425366103,3.7720822147776354,True,0.5256081708766887,1.924425417270236,Na-K-Cl
14,"Dumping 
Yard",Gadakan Road,DY-4,20.326795,85.835968,Postmonsoon,5.85,385.95,250.8675,128.0,104.0,31.33,6.08,26.36,1.43,0.32,15.16,79.31,22.52,61.52,0.18,6.1,Original,-9.728818530148638,3.246943138096658,3.9468103615871084,True,0.5125010084532375,3.124175169398046,Na-K-Cl
15,"Dumping 
Yard",Daruthenga,DY-5,20.382316,85.795063,Postmonsoon,6.58,546.67,355.33549999999997,237.0,41.0,46.82,19.95,33.4,8.76,0.13,121.11,70.39,11.5,36.07,0.23,6.15,Original,8.266401583221542,5.655149142305572,4.791580516403196,True,0.7316658243041735,1.4228760524064654,Na-K-SO4
1,Population Density,Acharya Vihar (Syn),SYN-PD-1,20.299913009464866,85.83279530948302,Premonsoon,5.98,371.37,237.62,27.67,106.72,32.04,6.48,23.59,5.71,0.202,94.31,41.6,5.44,15.44,0.061,6.59,Synthetic,3.491170275436489,3.3042698377797786,3.081337415448941,True,0.874403482283267,2.997754491017964,Na-K-HCO3
2,Population Density,Ram Mandir (Syn),SYN-PD-2,20.26893715269431,85.84220939756963,Premonsoon,6.11,459.57,294.07,24.83,123.03,34.14,9.21,32.06,8.73,0.351,94.49,46.55,25.75,38.37,0.072,6.3,Synthetic,0.7755719706018073,4.079410519260129,4.016619976007459,True,1.0619916472346596,2.247410716027229,Na-K-SO4
3,Population Density,Sailashree Vihar (Syn),SYN-PD-3,20.331894176745752,85.80289233771555,Premonsoon,6.27,399.89,256.0,23.31,119.63,33.49,8.76,26.99,5.61,0.301,109.16,32.89,20.54,12.58,0.078,7.22,Synthetic,5.134745126470264,3.709612290556394,3.3472598901750503,True,1.265366344985083,2.3178728160118123,Na-K-HCO3
4,Population Density,OMFED Square (Syn),SYN-PD-4,20.314686064032582,85.82701577551755,Premonsoon,5.2,380.51,243.55,8.75,111.87,32.9,7.33,18.53,7.06,0.308,110.48,30.13,13.57,12.05,0.04,6.75,Synthetic,1.4791154231398864,3.2315740176131347,3.1373699845854723,True,0.948317043428022,2.721262795010252,Ca-HCO3
5,Population Density,Old Town Bhubaneswar (Syn),SYN-PD-5,20.22481249927536,85.83776833543058,Premonsoon,5.64,354.16,226.89,31.85,107.17,32.28,6.47,26.07,4.71,0.155,67.98,46.83,8.0,23.08,0.047,6.1,Synthetic,6.651737550450933,3.3977203811019105,2.9738971080077072,True,0.8584087614061654,3.0248776018288006,Na-K-Cl
6,Industrial areas,Mancheswar Industrial Estate (Syn),SYN-IA-1,20.296465126815978,85.85352980675661,Premonsoon,6.97,412.09,263.82,41.91,114.72,32.76,8.04,26.26,6.87,0.27,98.8,47.22,20.4,9.25,0.062,7.16,Synthetic,1.2509549723164526,3.6143980134680147,3.525086279704817,True,0.8575234541139835,2.470395030833855,Na-K-SO4
7,Industrial areas,Chandaka Industrial Estate (Syn),SYN-IA-2,20.348238825847506,85.81998246329677,Premonsoon,6.02,383.93,245.58,22.03,109.87,33.07,6.61,27.26,5.55,0.307,85.85,45.37,16.93,17.1,0.07,6.09,Synthetic,3.0257378780382513,3.52190918398417,3.315040992783119,True,0.9264763560701375,3.0332715808926776,Na-K-SO4
8,Industrial areas,OMFED Industries (Syn),SYN-IA-3,20.325535050058644,85.82928882752873,Premonsoon,7.0,398.23,254.75,43.05,111.72,33.94,6.52,33.13,6.07,0.221,61.59,58.31,15.37,27.5,0.066,6.51,Synthetic,5.642963381559404,3.8265425866197926,3.4177498189219815,True,0.8761039990469563,3.1560422100584113,Na-K-Cl
9,Industrial areas,Rasulgarh (Syn),SYN-IA-4,20.306495554964723,85.86857826376364,Premonsoon,4.28,396.07,253.36,2.0,112.33,34.16,6.63,26.65,6.59,0.337,89.29,44.18,13.74,31.21,0.032,5.23,Synthetic,1.1162930191237914,3.5780116822200623,3.4990113679492407,True,0.9301409611634639,3.123797653561655,Na-K-SO4
10,Industrial areas,Anmol Industries Dabua (Syn),SYN-IA-5,20.357919189495075,85.74369401563114,Premonsoon,5.56,387.65,248.1,16.21,114.43,33.72,7.37,25.7,7.34,0.268,70.74,42.44,20.21,31.49,0.053,5.73,Synthetic,4.500993483195156,3.594820215818112,3.285153066725267,True,0.9337594635048064,2.77395006459266,Na-K-SO4
11,"Dumping 
Yard",Bhuasuni Temple Area (Syn),SYN-DY-1,20.396079977478017,85.782532388217,Premonsoon,7.27,455.37,291.56,49.48,121.9,34.29,8.88,27.22,9.32,0.248,101.29,52.37,24.57,22.07,0.062,7.03,Synthetic,-1.7850196946107042,3.864298253650111,4.004762538572168,True,0.801461777430524,2.3411706991422556,Na-K-SO4
12,"Dumping 
Yard",Lingaraj Railway Station (Syn),SYN-DY-2,20.243355033453685,85.83639874268054,Premonsoon,6.06,399.09,255.1,37.44,108.2,33.12,6.1,33.82,5.49,0.237,79.97,57.92,4.57,34.2,0.071,4.97,Synthetic,2.379503425080691,3.766235811273582,3.5911661789199716,True,0.9003726998767182,3.2918425444193584,Na-K-Cl
13,"Dumping 
Yard","BMC Micro 
Composting (Syn)",SYN-DY-3,20.293082353970256,85.83997066471548,Premonsoon,5.61,387.84,248.0,12.89,109.59,32.89,6.69,23.41,5.66,0.322,107.01,36.45,12.38,16.3,0.054,6.23,Synthetic,0.7856778447216477,3.3548606945961446,3.3025548555872994,True,0.9903327682877567,2.9806866088450903,Na-K-HCO3
14,"Dumping 
Yard",Gadakan Road (Syn),SYN-DY-4,20.336753682210666,85.83298223630902,Premonsoon,7.47,371.03,237.65,62.82,105.69,32.9,5.61,28.4,6.97,0.14,46.87,64.96,14.18,27.63,0.06,5.6,Synthetic,2.5603352170380926,3.5170255357124396,3.3414261810642523,True,0.6741392166652026,3.5555893560472636,Na-K-Cl
15,"Dumping 
Yard",Daruthenga (Syn),SYN-DY-5,20.387659765778622,85.79310161827219,Premonsoon,6.6,428.03,273.79,34.61,116.21,34.63,7.27,28.41,7.87,0.372,84.99,54.56,25.7,24.11,0.072,5.9,Synthetic,-1.2128853148667351,3.7634312699652495,3.8558443449983653,True,0.802923446889442,2.887996359413224,Na-K-SO4
16,Synthetic Zone,Synthetic Area 1,SYN-X1,20.313450095363724,85.83567907965516,Premonsoon,6.19,444.75,284.77,31.74,114.45,33.89,7.26,31.72,5.48,0.287,109.32,54.07,16.48,21.96,0.083,6.69,Synthetic,-2.6278946329180872,3.808532398883372,4.014103015079656,True,0.9045947800335831,2.8301764240114813,Na-K-SO4
17,Synthetic Zone,Synthetic Area 2,SYN-X2,20.352830244751964,85.87133688025325,Premonsoon,5.6,326.45,208.9,14.7,103.38,32.66,5.21,21.09,4.56,0.233,91.69,34.28,9.63,11.14,0.032,5.96,Synthetic,4.084793291378011,3.092526516145758,2.8497949668559883,True,0.9486653422953414,3.800642477042077,Ca-HCO3
18,Synthetic Zone,Synthetic Area 3,SYN-X3,20.342289874719782,85.81470521155006,Premonsoon,5.36,335.08,214.24,8.16,105.67,32.62,5.81,23.82,4.69,0.232,73.32,34.17,7.16,24.43,0.05,5.57,Synthetic,9.26904284847086,3.2619853138219597,2.7085718152370486,True,1.074914810080804,3.4039751821657895,Na-K-HCO3
19,Synthetic Zone,Synthetic Area 4,SYN-X4,20.307598233561038,85.84668676349222,Premonsoon,5.7,384.99,246.27,13.55,110.55,33.5,6.58,21.71,6.17,0.312,94.76,37.56,16.57,19.49,0.053,6.22,Synthetic,0.6610318834213458,3.315344603108696,3.2718014673752607,True,0.8912745551730831,3.086721693391333,Ca-HCO3
20,Synthetic Zone,Synthetic Area 5,SYN-X5,20.28934024791016,85.78397594464647,Premonsoon,7.13,400.46,256.22,39.1,116.06,33.64,7.83,23.67,6.75,0.224,98.77,41.61,19.48,13.57,0.078,6.36,Synthetic,1.5619506407110917,3.5252995075400144,3.4168663041648637,True,0.8771579631029824,2.604790419161677,Na-K-HCO3
21,Synthetic Zone,Synthetic Area 6,SYN-X6,20.30092474909741,85.80165243249873,Premonsoon,5.29,395.7,253.03,20.13,107.74,33.1,6.07,32.84,4.45,0.276,82.85,52.88,4.02,29.16,0.031,5.98,Synthetic,4.087544131324241,3.6935429767758516,3.4034502467664685,True,0.9576106562150618,3.306114295297379,Na-K-Cl
22,Synthetic Zone,Synthetic Area 7,SYN-X7,20.29509334537893,85.79628930843832,Premonsoon,6.17,447.37,286.38,28.49,117.75,33.4,8.36,28.4,7.58,0.302,108.71,48.83,22.49,20.92,0.048,6.92,Synthetic,-2.3324880778632986,3.7839141070904123,3.964648403864214,True,0.8968274322050288,2.4222488038277517,Na-K-SO4
23,Synthetic Zone,Synthetic Area 8,SYN-X8,20.269671852296966,85.77471592680666,Premonsoon,5.93,352.04,225.35,16.83,109.86,32.48,7.0,21.33,5.09,0.219,82.04,32.34,16.36,15.4,0.06,6.43,Synthetic,6.706012851123622,3.2548638917546553,2.8457555668616945,True,1.017016755691956,2.813173652694611,Na-K-HCO3
24,Synthetic Zone,Synthetic Area 9,SYN-X9,20.364234772306933,85.8157058467069,Premonsoon,6.55,395.22,252.42,20.27,111.14,33.36,6.82,20.83,7.52,0.244,101.44,34.09,10.36,24.98,0.091,6.06,Synthetic,1.2443630715093768,3.3243610038425633,3.242643623357375,True,0.9421922702627732,2.9656522731662776,Ca-HCO3
25,Synthetic Zone,Synthetic Area 10,SYN-X10,20.3038951980493,85.84089326160263,Premonsoon,6.33,442.47,282.66,36.88,115.62,33.12,7.99,32.64,7.34,0.226,107.3,53.12,10.51,31.2,0.066,4.86,Synthetic,-0.7744545651315801,3.9177792810673973,3.9789357511296792,True,0.947478474140145,2.513171404375229,Na-K-HCO3
26,Synthetic Zone,Synthetic Area 11,SYN-X11,20.287287922119837,85.86792465172834,Premonsoon,6.13,491.04,313.93,27.57,121.82,34.8,8.57,32.32,8.37,0.369,121.38,55.17,23.08,31.31,0.057,5.63,Synthetic,-5.460657340132799,4.061771857649776,4.5309933200459955,True,0.903328341841576,2.4619372689859484,Na-K-SO4
27,Synthetic Zone,Synthetic Area 12,SYN-X12,20.344097034774887,85.78186963356455,Premonsoon,6.59,310.51,198.89,32.3,104.67,32.19,5.94,10.68,6.08,0.069,80.26,27.62,10.2,11.48,0.09,5.87,Synthetic,4.287619440862118,2.7152248395289336,2.491960546591886,True,0.596245132552988,3.2855879150789327,Ca-HCO3
28,Synthetic Zone,Synthetic Area 13,SYN-X13,20.307220610911823,85.86084036408954,Premonsoon,7.33,413.51,264.85,50.86,117.93,33.2,8.48,29.57,6.53,0.179,98.4,46.28,18.86,19.09,0.082,7.05,Synthetic,2.5474534448534905,3.8078480824712977,3.6186612155270734,True,0.9852245893990963,2.373672466387979,Na-K-SO4
29,Synthetic Zone,Synthetic Area 14,SYN-X14,20.359935735562473,85.8196686844583,Premonsoon,5.46,429.12,274.65,16.52,112.5,33.58,6.94,27.7,6.85,0.307,114.13,46.19,13.52,24.26,0.046,6.47,Synthetic,-2.933322258951004,3.6269056174300305,3.8461133461029737,True,0.9247174967400664,2.933592469240194,Na-K-HCO3
30,Synthetic Zone,Synthetic Area 15,SYN-X15,20.326803672254403,85.78963192794254,Premonsoon,6.5,406.05,259.54,29.22,110.5,31.98,7.35,28.84,6.37,0.241,102.46,45.05,13.94,18.24,0.029,5.88,Synthetic,1.171151921287452,3.618120716061576,3.5343543667100894,True,0.9871376784482373,2.637968960039106,Na-K-HCO3
31,Synthetic Zone,Synthetic Area 16,SYN-X16,20.36457939594703,85.79609570347166,Premonsoon,4.57,408.97,261.58,2.0,114.18,34.0,7.13,32.32,4.25,0.405,97.06,40.3,12.66,32.33,0.043,5.92,Synthetic,3.905197488271592,3.7979623354608494,3.512475308218233,True,1.236640809414386,2.891132181639526,Na-K-HCO3
32,Synthetic Zone,Synthetic Area 17,SYN-X17,20.359735710746843,85.83789319823256,Premonsoon,5.6,460.42,294.66,19.85,122.3,35.15,8.49,26.19,9.84,0.371,102.2,47.95,27.22,37.8,0.049,5.42,Synthetic,-4.476748285826109,3.843610804746983,4.203876557278533,True,0.8422172944577165,2.510129916844756,Na-K-SO4
33,Synthetic Zone,Synthetic Area 18,SYN-X18,20.326236212821218,85.82419738443498,Premonsoon,4.95,413.98,264.81,13.37,115.66,32.9,8.17,29.27,6.95,0.33,104.98,40.02,10.18,29.17,0.05,5.94,Synthetic,3.1971157607397584,3.765056155473283,3.5317682329185067,True,1.1277761510719198,2.4414756777754163,Na-K-HCO3
34,Synthetic Zone,Synthetic Area 19,SYN-X19,20.288529514505107,85.79058133653388,Premonsoon,6.19,384.99,246.48,20.11,117.38,33.06,8.44,24.01,6.74,0.298,101.62,31.35,21.58,11.1,0.048,7.05,Synthetic,5.684143745040975,3.561096437325204,3.1780345451166188,True,1.1809510133037529,2.374865198512927,Na-K-HCO3
35,Synthetic Zone,Synthetic Area 20,SYN-X20,20.28751115424035,85.79157235954776,Premonsoon,6.99,540.62,345.7,38.22,129.73,35.4,10.14,37.27,8.99,0.42,136.99,56.77,26.18,32.28,0.079,6.6,Synthetic,-4.912687010765124,4.4520978666844355,4.912133231503124,True,1.0123198826672006,2.1166247386883037,Na-K-HCO3
36,Synthetic Zone,Synthetic Area 21,SYN-X21,20.343420980690006,85.80794105925,Premonsoon,7.24,382.93,245.25,51.5,112.32,32.67,7.4,28.41,7.48,0.217,70.94,51.21,21.01,22.01,0.059,6.0,Synthetic,3.7755507690118364,3.6663520426726217,3.399574402436494,True,0.8554482183614129,2.6766770513028,Na-K-SO4
37,Synthetic Zone,Synthetic Area 22,SYN-X22,20.271246800989672,85.86983879634741,Premonsoon,4.89,388.45,248.51,15.48,110.92,33.84,6.45,29.53,5.84,0.273,73.96,48.81,7.18,36.52,0.033,5.44,Synthetic,4.668057934769831,3.653319075184516,3.327452608687369,True,0.9328931572736034,3.180894025901685,Na-K-Cl
38,Synthetic Zone,Synthetic Area 23,SYN-X23,20.353841121829674,85.86570376165285,Premonsoon,6.7,372.16,238.34,34.23,112.19,33.38,7.02,24.88,5.65,0.239,88.49,40.59,17.37,10.42,0.071,7.13,Synthetic,5.235305017344372,3.470157375597143,3.1248867021013225,True,0.9451670933333162,2.882888070013819,Na-K-SO4
39,Synthetic Zone,Synthetic Area 24,SYN-X24,20.364953315597976,85.79031805825528,Premonsoon,7.67,502.43,321.28,54.43,123.61,34.13,9.36,38.26,8.56,0.323,100.03,64.5,23.48,29.9,0.059,6.84,Synthetic,-0.8341227604548286,4.356591840828919,4.429881817454025,True,0.9146659653169057,2.210746775679411,Na-K-SO4
40,Synthetic Zone,Synthetic Area 25,SYN-X25,20.305086735223597,85.84875238090373,Premonsoon,4.36,309.93,198.57,2.0,104.69,33.09,5.39,16.01,5.21,0.192,74.3,29.25,9.34,21.42,0.037,5.6,Synthetic,6.205974345340317,2.9244568204760535,2.5826850112383526,True,0.8440005502206461,3.722087365158367,Ca-HCO3
41,Synthetic Zone,Synthetic Area 26,SYN-X26,20.33506459513871,85.78831812396731,Premonsoon,6.52,420.19,268.86,36.1,118.08,34.51,7.74,31.84,7.02,0.37,74.75,55.66,28.39,28.04,0.05,5.16,Synthetic,1.096730918696711,3.923582545455737,3.838453891926462,True,0.8820782739671689,2.7032272663974375,Na-K-SO4
42,Synthetic Zone,Synthetic Area 27,SYN-X27,20.347045845832394,85.79537259051699,Premonsoon,5.85,399.56,255.7,24.85,112.8,32.89,7.5,27.52,6.36,0.311,94.13,43.81,16.71,19.09,0.033,6.61,Synthetic,2.6084371440459684,3.6182035542923616,3.434244870027712,True,0.968617797661002,2.658772455089821,Na-K-SO4
43,Synthetic Zone,Synthetic Area 28,SYN-X28,20.287844294815592,85.82662597562266,Premonsoon,4.65,422.1,270.19,5.35,114.42,34.95,6.75,24.1,7.63,0.401,91.62,46.22,19.38,31.18,0.031,6.19,Synthetic,-2.3253158371868596,3.542990058244088,3.7116841464624386,True,0.804015404511472,3.139221556886228,Na-K-SO4
44,Synthetic Zone,Synthetic Area 29,SYN-X29,20.324756526817502,85.83093715411711,Premonsoon,5.6,360.46,230.6,19.1,103.38,33.12,5.02,24.1,5.52,0.259,78.57,45.87,8.12,21.28,0.043,6.25,Synthetic,2.543474492306044,3.2553216673255045,3.093832549347259,True,0.8101502506326627,4.0000477133382635,Ca-SO4
45,Synthetic Zone,Synthetic Area 30,SYN-X30,20.274611217073108,85.86067461959637,Premonsoon,4.99,490.63,313.74,22.59,113.39,34.57,6.64,35.77,7.92,0.428,101.17,70.93,15.75,41.71,0.037,4.87,Synthetic,-7.244218927701677,4.030003369468455,4.6594892376333625,True,0.7776178990773609,3.1565295613592097,Na-K-Cl
46,Synthetic Zone,Synthetic Area 31,SYN-X31,20.292022537592203,85.78588002546161,Premonsoon,4.29,383.46,245.24,2.0,111.42,33.4,6.82,24.7,6.32,0.34,103.14,31.72,6.85,30.01,0.016,5.93,Synthetic,3.7794126892480366,3.4640005330284076,3.2116983233542937,True,1.2007180598834848,2.969208211143695,Na-K-HCO3
47,Synthetic Zone,Synthetic Area 32,SYN-X32,20.354337341320228,85.8684936831563,Premonsoon,7.02,384.04,245.93,46.09,107.9,32.69,6.3,29.48,4.58,0.25,90.0,53.84,13.64,6.38,0.07,7.33,Synthetic,2.4331381882276033,3.549188244058444,3.3805774681597605,True,0.8443056513362294,3.145958083832335,Na-K-SO4
48,Synthetic Zone,Synthetic Area 33,SYN-X33,20.351675295059877,85.85388014080581,Premonsoon,5.88,456.31,291.46,32.15,113.32,34.51,6.55,36.56,7.68,0.331,93.0,64.44,8.42,44.73,0.06,4.16,Synthetic,-2.3024834179068714,4.047826609088302,4.238620683943963,True,0.8748385731091354,3.1943479453307124,Na-K-Cl
49,Synthetic Zone,Synthetic Area 34,SYN-X34,20.330986731397232,85.82801427039423,Premonsoon,7.58,436.46,279.34,51.37,114.98,33.37,7.66,28.44,8.82,0.272,82.71,56.93,24.72,25.74,0.073,6.46,Synthetic,-1.738201020807972,3.758257374272671,3.8912206798967253,True,0.7703102495246295,2.64122863932709,Na-K-SO4
50,Synthetic Zone,Synthetic Area 35,SYN-X35,20.274161209324472,85.81377385464039,Premonsoon,6.59,367.77,235.65,39.25,109.66,32.67,6.77,28.34,5.18,0.211,78.6,45.56,12.16,14.34,0.056,7.6,Synthetic,7.486302183434298,3.5526318593211403,3.0577580920575556,True,0.9591651674335637,2.925762212650033,Na-K-SO4
1,Population Density,Acharya Vihar (Syn),SYN-PD-1,20.29637043979522,85.82317582823164,Monsoon,7.06,525.4,340.18,126.55,129.02,42.01,8.01,35.45,7.97,0.426,60.38,129.6,10.07,9.84,0.035,4.65,Synthetic,-5.384670928766855,4.501377733264193,5.013735256249876,True,0.4217824510388307,3.179792101190877,Na-K-Cl
2,Population Density,Ram Mandir (Syn),SYN-PD-2,20.277204019578107,85.84526052673927,Monsoon,5.91,671.98,437.74,143.41,93.39,50.4,11.31,52.18,9.7,0.38,234.05,63.87,13.25,9.6,0.038,4.39,Synthetic,-0.8679589119261403,5.963598569482738,6.068028145807788,True,1.2597501735426186,2.701758287139249,Na-K-HCO3
3,Population Density,Sailashree Vihar (Syn),SYN-PD-3,20.340316951697634,85.81289957134956,Monsoon,6.29,667.52,436.3,104.94,83.22,56.7,7.9,46.95,10.69,0.432,122.27,137.04,9.02,42.24,0.01,2.7,Synthetic,-7.527245819492783,5.79514087071226,6.738585245847694,True,0.528281636956295,4.351455317213674,Na-K-Cl
4,Population Density,OMFED Square (Syn),SYN-PD-4,20.320194498932192,85.82991895106169,Monsoon,6.29,707.77,457.65,240.99,26.05,65.8,14.44,56.77,7.28,0.026,111.19,115.53,28.58,16.89,0.14,5.15,Synthetic,9.01514557576643,7.127434251557638,5.94860984105702,True,0.7577071564614726,2.7627224774827077,Na-K-Cl
5,Population Density,Old Town Bhubaneswar (Syn),SYN-PD-5,20.227440743347962,85.84285509876031,Monsoon,6.05,557.6,360.39,85.51,87.71,29.25,7.44,57.07,15.14,0.171,139.34,39.82,8.86,44.56,0.089,7.31,Synthetic,6.826567166866819,4.941522438613604,4.309963534711316,True,2.2099573133472092,2.383589675487734,Na-K-HCO3
6,Industrial areas,Mancheswar Industrial Estate (Syn),SYN-IA-1,20.307840842765913,85.8497492948313,Monsoon,6.32,549.05,357.51,25.41,123.43,34.63,7.94,49.86,13.9,0.479,175.3,61.33,7.84,1.48,0.1,4.89,Synthetic,1.1947094216377316,4.90580960580315,4.789973175414415,True,1.2535930558285113,2.6442989336189084,Na-K-HCO3
7,Industrial areas,Chandaka Industrial Estate (Syn),SYN-IA-2,20.350972551241508,85.81067008030863,Monsoon,6.6,620.65,399.94,215.9,31.47,51.0,12.33,32.53,18.4,0.314,64.74,124.25,32.34,28.25,0.197,8.09,Synthetic,-2.2405282309017975,5.4452762571528694,5.6948744793696715,True,0.40370574906594864,2.5077582062153065,Na-K-Cl
8,Industrial areas,OMFED Industries (Syn),SYN-IA-3,20.332886543933725,85.81816382296324,Monsoon,6.84,604.63,393.0,251.34,97.95,46.97,12.24,26.09,25.53,0.502,108.04,107.38,24.44,10.68,0.07,6.63,Synthetic,-3.2178455637270944,5.139002194447202,5.480728735041509,True,0.37465190717157315,2.326578460725608,Na-K-Cl
9,Industrial areas,Rasulgarh (Syn),SYN-IA-4,20.29227362874352,85.87337574517811,Monsoon,6.19,745.89,483.39,160.56,54.57,55.13,13.9,73.32,6.45,0.189,219.36,61.86,17.31,30.45,0.066,4.89,Synthetic,7.870151005305494,7.249205263805784,6.19140865254859,True,1.8276364412646837,2.404649334424676,Na-K-HCO3
10,Industrial areas,Anmol Industries Dabua (Syn),SYN-IA-5,20.35780359114047,85.75994682250486,Monsoon,5.94,584.16,379.72,133.2,76.79,53.06,9.49,50.77,1.77,0.278,87.33,116.71,18.59,14.7,0.036,4.3,Synthetic,3.035690968038628,5.682394549020874,5.3475592381256325,True,0.6707742194855185,3.38984307465154,Na-K-Cl
11,"Dumping 
Yard",Bhuasuni Temple Area (Syn),SYN-DY-1,20.384263521769086,85.79496463820118,Monsoon,5.52,681.43,440.85,118.02,133.86,45.79,10.31,80.19,9.77,0.261,150.37,85.22,21.44,6.59,0.055,4.77,Synthetic,11.800060290291638,6.871400210776562,5.420901229732147,False,1.4509617101361072,2.692715926052841,Na-K-SO4
12,"Dumping 
Yard",Lingaraj Railway Station (Syn),SYN-DY-2,20.239744011470197,85.8360730950629,Monsoon,5.59,767.92,500.52,117.03,86.44,56.95,11.82,72.7,15.73,0.26,224.58,69.96,16.5,19.68,0.01,4.83,Synthetic,7.772202126575362,7.379202117830122,6.314871070288389,True,1.602366579448494,2.9211564181282106,Na-K-HCO3
13,"Dumping 
Yard","BMC Micro 
Composting (Syn)",SYN-DY-3,20.280407213533934,85.82824788752743,Monsoon,5.44,619.48,401.47,142.9,95.36,50.71,7.42,47.2,9.36,0.462,40.2,161.65,24.46,37.55,0.08,3.06,Synthetic,-7.648881972328772,5.433591450166372,6.333654179796226,True,0.45023946316981517,4.143508804493439,Na-K-Cl
14,"Dumping 
Yard",Gadakan Road (Syn),SYN-DY-4,20.317458787091248,85.83204692802481,Monsoon,6.19,610.04,396.49,137.25,125.07,47.38,8.99,40.88,12.68,0.571,109.35,143.54,19.97,5.51,0.01,4.75,Synthetic,-9.860453280222139,5.20665024706364,6.345771384808687,True,0.4391523524079477,3.1953168190870764,Na-K-Cl
15,"Dumping 
Yard",Daruthenga (Syn),SYN-DY-5,20.385379255810626,85.80382909636897,Monsoon,5.62,611.62,395.9,275.27,52.95,48.7,16.6,46.3,11.06,0.416,57.85,145.13,41.21,0.5,0.14,6.06,Synthetic,1.542537642956099,6.093178409978489,5.908054869030797,True,0.4919274576374614,1.7786866026982182,Na-K-Cl
16,Synthetic Zone,Synthetic Area 1,SYN-X1,20.352582981559635,85.84953501098686,Monsoon,5.92,698.66,456.94,158.15,61.63,62.71,14.02,51.22,3.33,0.331,197.93,100.11,15.48,0.5,0.01,4.85,Synthetic,1.5253742448987306,6.596242407258836,6.398031105779255,True,0.788931653215391,2.711860515773019,Na-K-HCO3
17,Synthetic Zone,Synthetic Area 2,SYN-X2,20.34430726765866,85.83942702368093,Monsoon,6.65,626.01,405.5,136.1,76.0,54.02,11.17,39.14,3.81,0.292,165.47,92.28,12.41,3.41,0.124,5.14,Synthetic,-1.9319309636228927,5.4148721403070805,5.6282169987245085,True,0.6540192085173762,2.9321080310283647,Na-K-SO4
18,Synthetic Zone,Synthetic Area 3,SYN-X3,20.29149121908993,85.8636480364039,Monsoon,6.11,638.61,412.69,99.86,10.94,46.38,13.33,48.04,17.18,0.415,106.21,93.49,29.39,30.26,0.328,5.55,Synthetic,4.052233295293188,5.940480964035706,5.477786142595295,True,0.7923464330899358,2.109498182928966,Na-K-Cl
19,Synthetic Zone,Synthetic Area 4,SYN-X4,20.332535764523914,85.82897259643137,Monsoon,6.07,473.23,307.68,2.0,47.58,19.43,5.7,52.68,8.61,0.416,166.38,27.85,1.0,52.98,0.174,4.77,Synthetic,-5.244283468401988,3.9503323412745077,4.387596990845941,True,2.916740788868472,2.0666955562559095,Na-K-HCO3
20,Synthetic Zone,Synthetic Area 5,SYN-X5,20.276561480254678,85.81763408771397,Monsoon,5.92,514.77,335.41,53.08,43.41,30.41,7.16,39.39,22.03,0.516,70.05,95.96,18.5,58.02,0.12,5.52,Synthetic,-8.288486507999652,4.3835462233712565,5.175877793229706,True,0.6329552548446588,2.5750280165925132,Na-K-Cl
21,Synthetic Zone,Synthetic Area 6,SYN-X6,20.311498360453523,85.8593848942856,Monsoon,5.67,614.14,397.51,55.38,85.58,46.57,6.42,61.46,5.66,0.335,101.05,115.16,18.18,38.27,0.09,4.35,Synthetic,-1.9874805680899517,5.670340623530504,5.900304956026764,True,0.8229399918807293,4.3979447646762555,Na-K-Cl
22,Synthetic Zone,Synthetic Area 7,SYN-X7,20.32012735535211,85.81096858823037,Monsoon,5.74,557.71,359.6,2.0,83.32,35.71,2.93,68.4,11.22,0.201,151.58,35.63,12.73,48.77,0.187,5.25,Synthetic,7.5759017577188175,5.285251524428375,4.540836731530207,True,2.960176098236466,7.389257321534406,Na-K-HCO3
23,Synthetic Zone,Synthetic Area 8,SYN-X8,20.363142566184397,85.78400059266596,Monsoon,7.34,615.2,402.9,144.78,62.23,52.81,10.06,28.76,20.96,0.48,135.02,102.98,8.11,37.35,0.063,3.52,Synthetic,-5.733570502676101,5.2502531474723675,5.888925827416918,True,0.43063890495593227,3.182707646337544,Ca-Cl
24,Synthetic Zone,Synthetic Area 9,SYN-X9,20.307717376164526,85.77713100085046,Monsoon,5.56,615.02,395.53,124.93,48.64,39.58,10.2,64.62,16.3,0.202,88.15,77.79,30.37,40.94,0.242,5.88,Synthetic,10.120635476389685,6.0422231672611035,4.931602294464607,False,1.2809154099931441,2.352632969355407,Na-K-Cl
25,Synthetic Zone,Synthetic Area 10,SYN-X10,20.339452945410024,85.86473618855324,Monsoon,5.44,777.51,503.52,168.89,60.77,54.95,12.66,71.26,12.8,0.202,182.51,99.0,24.03,31.65,0.095,6.36,Synthetic,2.973971831647321,7.210965531051951,6.794448463935434,True,1.1099103255258107,2.631555609160826,Na-K-SO4
26,Synthetic Zone,Synthetic Area 11,SYN-X11,20.29346626628838,85.85876270101323,Monsoon,6.95,526.65,342.59,154.52,62.21,47.12,12.08,13.29,12.16,0.476,133.69,95.76,15.78,0.5,0.166,4.82,Synthetic,-10.505605979708669,4.234610955739813,5.228799578733859,False,0.21400213779337426,2.364922472934925,Ca-Cl
27,Synthetic Zone,Synthetic Area 12,SYN-X12,20.29468435637952,85.86400554949772,Monsoon,6.98,529.04,344.76,216.61,129.14,49.85,8.84,9.82,14.4,0.647,15.61,186.38,16.86,7.52,0.021,2.71,Synthetic,-19.759077185279157,4.01052564732817,5.985684532329452,False,0.08124365413404477,3.4189398352616043,Ca-Cl
28,Synthetic Zone,Synthetic Area 13,SYN-X13,20.34085872369301,85.85341921101747,Monsoon,5.67,665.62,434.65,210.13,51.8,61.94,11.47,43.94,5.63,0.247,111.3,129.52,17.88,26.36,0.034,3.71,Synthetic,-1.4954200732420617,6.090106822630222,6.275017371916789,True,0.5231189890816454,3.2740578128833873,Ca-Cl
29,Synthetic Zone,Synthetic Area 14,SYN-X14,20.267263188893377,85.86920956904073,Monsoon,5.61,646.52,419.28,120.41,91.77,51.61,10.77,62.5,17.39,0.413,149.1,70.89,32.12,0.5,0.214,4.46,Synthetic,12.814775186994554,6.625099380467679,5.119992287687203,False,1.3594783922625227,2.9053383483728923,Na-K-SO4
30,Synthetic Zone,Synthetic Area 15,SYN-X15,20.338129632540365,85.80340364287194,Monsoon,6.04,591.12,380.51,124.81,75.46,46.67,7.13,51.08,6.18,0.099,95.7,108.04,19.38,27.14,0.081,7.3,Synthetic,-1.503655755525988,5.295565437761336,5.457250777665737,True,0.7290269468286117,3.9685040857975498,Na-K-Cl
31,Synthetic Zone,Synthetic Area 16,SYN-X16,20.348401999819217,85.80108065317482,Monsoon,5.09,688.45,448.07,115.88,13.06,54.42,8.98,74.99,12.55,0.064,159.41,28.84,20.61,70.56,0.162,5.02,Synthetic,16.992925836746352,7.037488359045213,4.993133678505036,False,4.009455205453254,3.6741828147713482,Na-K-HCO3
32,Synthetic Zone,Synthetic Area 17,SYN-X17,20.352737917289943,85.78418657237452,Monsoon,6.07,599.37,387.62,168.33,126.95,41.63,9.41,60.83,21.77,0.51,65.23,130.72,34.6,11.89,0.046,4.76,Synthetic,3.2921491955590296,6.054541414049261,5.668598168585295,True,0.7175514485836267,2.682225877681407,Na-K-Cl
33,Synthetic Zone,Synthetic Area 18,SYN-X18,20.33583113107941,85.82699838099782,Monsoon,6.45,676.63,439.27,204.65,124.75,47.94,13.61,52.53,17.37,0.239,192.1,77.34,15.13,0.5,0.016,5.96,Synthetic,4.948906474461467,6.241532183291178,5.652888431391469,True,1.0473226629718255,2.1355928847668366,Na-K-HCO3
34,Synthetic Zone,Synthetic Area 19,SYN-X19,20.275115980352876,85.79711791615921,Monsoon,6.26,540.08,351.21,116.19,102.23,52.5,8.92,31.82,8.01,0.446,160.03,57.5,18.67,0.5,0.183,4.72,Synthetic,3.14569877049857,4.942856227478841,4.641365482971352,True,0.8533154301492143,3.5683957197712197,Ca-HCO3
35,Synthetic Zone,Synthetic Area 20,SYN-X20,20.266702936961064,85.81980532987977,Monsoon,6.16,617.79,401.54,184.99,97.07,49.39,10.78,26.85,16.95,0.49,187.0,64.34,17.61,9.2,0.137,4.59,Synthetic,-4.265035155220919,4.953216579513852,5.394552571589516,True,0.6434880730265744,2.7777862642062816,Na-K-HCO3
36,Synthetic Zone,Synthetic Area 21,SYN-X21,20.29558905940933,85.8327642817631,Monsoon,5.66,695.81,454.83,204.1,76.85,59.77,9.54,54.27,10.03,0.308,127.58,122.11,15.4,48.06,0.01,2.6,Synthetic,-1.8924460107274683,6.38483341600384,6.631153949662178,True,0.6853080898934921,3.798511467630777,Na-K-Cl
37,Synthetic Zone,Synthetic Area 22,SYN-X22,20.295186314104193,85.80292044448403,Monsoon,7.22,725.25,472.68,203.09,119.08,53.35,12.48,38.28,20.33,0.468,184.39,123.04,5.82,25.08,0.01,2.33,Synthetic,-8.872760524698636,5.874356761969544,7.0182904767558165,True,0.4797366243365834,2.591781581068632,Na-K-Cl
38,Synthetic Zone,Synthetic Area 23,SYN-X23,20.339781853206492,85.77774281693117,Monsoon,6.44,569.31,368.64,154.78,118.23,34.07,8.82,47.88,23.28,0.319,178.66,34.16,16.5,18.3,0.1,6.13,Synthetic,5.956519631724864,5.104066773861642,4.530199794353218,True,2.161292507790273,2.3419742148356346,Na-K-HCO3
39,Synthetic Zone,Synthetic Area 24,SYN-X24,20.35575203285253,85.85815492077245,Monsoon,7.15,661.27,430.28,248.87,66.15,61.5,10.94,29.4,26.69,0.316,170.85,64.37,20.72,25.38,0.175,3.97,Synthetic,4.164772811700203,5.930699370638022,5.456450450845316,True,0.7042730819669317,3.408288541746489,Ca-HCO3
40,Synthetic Zone,Synthetic Area 25,SYN-X25,20.33224300165597,85.83225069034407,Monsoon,6.23,788.4,511.11,202.21,93.92,65.63,13.58,65.67,12.84,0.143,265.79,48.02,21.07,0.5,0.128,5.57,Synthetic,10.34158189597072,7.577493649998038,6.157117581408897,False,2.1087355946186697,2.930091584136587,Na-K-HCO3
41,Synthetic Zone,Synthetic Area 26,SYN-X26,20.354692783147296,85.79146155128619,Monsoon,5.98,562.62,368.45,201.61,38.95,65.32,8.96,21.24,0.5,0.386,32.84,158.87,17.93,27.84,0.054,3.01,Synthetic,-8.430593086646992,4.933597269183492,5.8420480811284925,True,0.2061531072551789,4.419943594952951,Ca-Cl
42,Synthetic Zone,Synthetic Area 27,SYN-X27,20.273359449552416,85.79687955032428,Monsoon,5.29,584.58,381.41,186.31,12.55,45.15,11.16,38.28,18.18,0.319,65.13,92.7,25.59,47.98,0.136,7.06,Synthetic,3.0375290206640995,5.3015459376581395,4.988968573020622,True,0.6367507471237671,2.4528563840061812,Na-K-Cl
43,Synthetic Zone,Synthetic Area 28,SYN-X28,20.34492036120335,85.77639556000598,Monsoon,6.15,605.8,392.79,65.64,78.73,45.52,7.48,43.52,12.34,0.456,127.93,104.97,16.38,31.54,0.082,5.59,Synthetic,-7.376611187796654,5.095692924126464,5.90734419095498,True,0.639294484726741,3.68959941080406,Na-K-Cl
44,Synthetic Zone,Synthetic Area 29,SYN-X29,20.32374321684168,85.87247228495245,Monsoon,4.69,663.62,431.46,98.62,69.76,56.39,7.92,57.47,7.44,0.545,48.88,178.42,33.28,34.27,0.057,3.99,Synthetic,-6.980533364580757,6.155787951400729,7.079695273906811,True,0.4966780076568872,4.316735846488841,Na-K-Cl
45,Synthetic Zone,Synthetic Area 30,SYN-X30,20.351032142717084,85.82507310223768,Monsoon,5.75,527.98,344.27,3.4,67.32,36.19,5.96,45.92,13.25,0.324,133.27,48.46,7.39,39.16,0.15,4.79,Synthetic,3.302181834436476,4.632688052922641,4.336508861712716,True,1.4611531472080401,3.6814667644576615,Na-K-HCO3
46,Synthetic Zone,Synthetic Area 31,SYN-X31,20.271826624261994,85.8560658847719,Monsoon,5.24,706.8,461.09,42.32,36.37,49.17,7.81,69.06,13.19,0.282,144.84,102.81,12.17,69.53,0.072,4.35,Synthetic,-1.612207875556065,6.437646067274948,6.6486239429970855,True,1.0357822948103064,3.817049000590369,Na-K-Cl
47,Synthetic Zone,Synthetic Area 32,SYN-X32,20.325360384151054,85.78442183303927,Monsoon,5.6,658.15,425.05,162.49,17.49,65.62,8.6,63.66,0.5,0.01,125.8,87.44,25.05,44.46,0.115,4.68,Synthetic,7.958312351508249,6.7640877646798625,5.7668375848314275,True,1.122622529306867,4.626114050967833,Na-K-SO4
48,Synthetic Zone,Synthetic Area 33,SYN-X33,20.274848261815666,85.86389121527698,Monsoon,5.51,793.75,516.92,153.49,112.21,57.29,10.54,71.88,18.44,0.292,227.39,92.48,17.64,20.58,0.01,4.69,Synthetic,2.0198380385138255,7.324460172770615,7.034433770984785,True,1.1984985573688576,3.29546552057176,Na-K-HCO3
49,Synthetic Zone,Synthetic Area 34,SYN-X34,20.33238255962714,85.855857213265,Monsoon,5.79,647.42,422.69,80.57,115.15,45.75,8.18,73.21,14.03,0.256,193.09,41.89,8.88,26.72,0.034,3.12,Synthetic,13.415096309553881,6.499436702134084,4.961888842032621,False,2.6948668663583897,3.3909107213445973,Na-K-HCO3
50,Synthetic Zone,Synthetic Area 35,SYN-X35,20.353360423361558,85.83010576853816,Monsoon,6.16,674.92,439.63,52.41,100.6,52.59,10.16,51.45,11.68,0.315,181.29,86.78,8.64,0.5,0.054,7.35,Synthetic,3.3627682932035388,5.997116250977271,5.606900069416892,True,0.9142037566359754,3.13825351265972,Na-K-HCO3
1,Population Density,Acharya Vihar (Syn),SYN-PD-1,20.301846502070465,85.8247958866686,Postmonsoon,5.55,714.04,464.12,264.13,83.29,94.18,13.72,26.67,6.47,0.186,110.0,173.61,13.5,7.4,0.175,6.14,Synthetic,0.378291326069989,7.154361646655425,7.100436979902413,True,0.23687844686155538,4.161818491297289,Ca-Cl
2,Population Density,Ram Mandir (Syn),SYN-PD-2,20.27901510007676,85.84421259614072,Postmonsoon,5.58,237.86,154.59,55.04,35.09,19.09,1.0,9.74,3.45,0.385,25.15,20.99,19.37,35.66,0.01,6.47,Synthetic,-12.350591708983778,1.5467970931858337,1.9827124000217213,False,0.7155233099462639,11.574026946107784,Ca-SO4
3,Population Density,Sailashree Vihar (Syn),SYN-PD-3,20.341336921923638,85.8039148781541,Postmonsoon,5.2,593.93,386.05,224.16,74.95,53.39,9.35,28.18,12.47,0.367,72.72,155.06,16.11,19.38,0.18,6.6,Synthetic,-11.037968406757933,4.978395139220348,6.213784378403276,False,0.280232484617637,3.4619984629671143,Ca-Cl
4,Population Density,OMFED Square (Syn),SYN-PD-4,20.323149255041532,85.82132916190068,Postmonsoon,6.76,325.9,211.85,153.09,75.43,8.49,17.54,21.55,2.53,0.449,22.2,73.71,5.84,50.79,0.257,7.09,Synthetic,-8.228124274936462,2.869344047476037,3.383865936097175,True,0.4508147650093424,0.29346523600461566,Mg-Cl
5,Population Density,Old Town Bhubaneswar (Syn),SYN-PD-5,20.235425539325387,85.83590137842437,Postmonsoon,5.91,483.01,313.96,151.7,10.0,44.37,11.92,23.2,8.26,0.552,125.6,63.11,10.84,6.34,0.139,6.42,Synthetic,2.9012059124084244,4.415529418329701,4.166545746247648,True,0.5668485929653679,2.2567930414339106,Ca-HCO3
6,Industrial areas,Mancheswar Industrial Estate (Syn),SYN-IA-1,20.30580808132832,85.84953189284359,Postmonsoon,6.1,372.97,242.43,142.5,64.74,29.14,5.61,20.72,4.86,0.262,29.27,74.13,14.98,48.42,0.105,5.32,Synthetic,-10.935168413095225,2.9413783046286395,3.6636491842710557,False,0.43099578130820937,3.1492362867847197,Na-K-Cl
7,Industrial areas,Chandaka Industrial Estate (Syn),SYN-IA-2,20.349561757786468,85.8065120781136,Postmonsoon,5.57,308.58,200.58,144.54,47.6,35.15,1.0,12.68,0.57,0.085,50.54,29.12,11.7,40.76,0.01,5.96,Synthetic,-2.9938677554588957,2.402418697462399,2.5507087840171896,True,0.6714368167717452,21.31100299401198,Ca-SO4
8,Industrial areas,OMFED Industries (Syn),SYN-IA-3,20.325904131511315,85.81962783929627,Postmonsoon,5.7,337.86,219.61,194.2,67.02,36.08,13.84,2.0,0.5,0.255,104.5,43.58,1.0,0.5,0.087,7.72,Synthetic,1.1397694824089097,3.0392759209552853,2.970775192487092,True,0.07076524881320989,1.5805527672977744,Ca-HCO3
9,Industrial areas,Rasulgarh (Syn),SYN-IA-4,20.302617472940486,85.86038604227672,Postmonsoon,6.05,596.64,387.81,293.87,75.85,54.44,8.24,29.84,11.24,0.21,100.24,78.22,22.52,70.7,0.235,5.81,Synthetic,-4.581498270077201,4.9801798302533875,5.458424297800378,True,0.5882450420063019,4.00561740596477,Ca-Cl
10,Industrial areas,Anmol Industries Dabua (Syn),SYN-IA-5,20.36109718746376,85.76111949555238,Postmonsoon,6.25,460.79,299.5,160.52,58.7,38.38,12.61,30.46,6.51,0.362,81.13,44.59,29.28,50.71,0.204,5.55,Synthetic,5.0776343048294486,4.444449786613838,4.014914217947821,True,1.0533427123603865,1.8453062154833872,Na-K-SO4
11,"Dumping 
Yard",Bhuasuni Temple Area (Syn),SYN-DY-1,20.382764327667978,85.79226310127918,Postmonsoon,6.3,296.68,192.87,36.8,51.11,5.24,4.23,30.68,8.84,0.528,10.0,106.4,24.66,66.64,0.136,6.75,Synthetic,-37.31140181587855,2.170205408516305,4.753558948575353,False,0.4446220488149474,0.7510510893107403,Na-K-Cl
12,"Dumping 
Yard",Lingaraj Railway Station (Syn),SYN-DY-2,20.23424643322332,85.82618248082092,Postmonsoon,6.51,682.8,443.82,323.88,96.76,78.5,11.03,37.43,13.57,0.01,92.67,100.54,20.32,80.6,0.226,5.81,Synthetic,5.608666145296117,6.800142595786958,6.077858507704568,True,0.5740612264022215,4.314919571554986,Ca-Cl
13,"Dumping 
Yard","BMC Micro 
Composting (Syn)",SYN-DY-3,20.290156162271455,85.8253759181263,Postmonsoon,5.83,411.89,267.7,169.35,66.32,31.16,12.18,15.4,5.64,0.357,68.89,73.0,23.0,24.33,0.114,6.24,Synthetic,-9.25907031165227,3.371461338990166,4.059499200139298,True,0.32529330798977524,1.5510604406949648,Na-K-Cl
14,"Dumping 
Yard",Gadakan Road (Syn),SYN-DY-4,20.326280100419538,85.83718156589877,Postmonsoon,5.65,350.29,227.7,94.88,52.92,27.49,7.31,19.59,5.17,0.267,40.46,56.75,25.31,31.31,0.059,6.56,Synthetic,-5.407001237821169,2.9577372543747096,3.295869868940855,True,0.5322869740339126,2.2800056521703516,Na-K-Cl
15,"Dumping 
Yard",Daruthenga (Syn),SYN-DY-5,20.38488452913229,85.79883563258616,Postmonsoon,6.65,437.76,284.53,199.24,69.52,37.35,10.36,16.43,3.55,0.207,57.3,63.38,16.64,59.42,0.176,6.22,Synthetic,-6.749658974845126,3.5218987382782747,4.031743853394865,True,0.39972618330770954,2.185794915959587,Ca-Cl
16,Synthetic Zone,Synthetic Area 1,SYN-X1,20.290789771685603,85.77392641099917,Postmonsoon,6.29,369.74,240.31,121.28,89.06,29.2,8.92,18.77,6.81,0.316,10.61,75.22,24.51,51.06,0.11,6.21,Synthetic,-6.573357054310761,3.1818529361725676,3.6295936402012443,True,0.38477620930177964,1.984707714615612,Na-K-Cl
17,Synthetic Zone,Synthetic Area 2,SYN-X2,20.33780689956882,85.82649419326809,Postmonsoon,6.8,435.1,282.81,205.82,41.9,34.02,12.49,24.73,6.85,0.126,70.81,52.71,13.06,58.04,0.146,5.36,Synthetic,1.5462628217596366,3.976465225840359,3.8553645536958903,True,0.7234497458291279,1.6513929706639567,Na-K-Cl
18,Synthetic Zone,Synthetic Area 3,SYN-X3,20.349074303654056,85.8550673696234,Postmonsoon,5.99,335.25,217.92,43.18,10.0,39.48,8.97,11.7,1.92,0.35,125.89,5.0,19.14,0.5,0.01,6.18,Synthetic,11.15609522877726,3.266353264913005,2.6107032441166087,False,3.6082209656372344,2.66847575751507,Ca-HCO3
19,Synthetic Zone,Synthetic Area 4,SYN-X4,20.34979515011212,85.82143799933128,Postmonsoon,5.36,437.21,284.18,198.12,13.39,47.67,6.11,15.91,3.84,0.298,129.93,38.45,6.66,16.24,0.079,6.54,Synthetic,0.7870277386007669,3.67187290947522,3.6145269216588356,True,0.6380446974457713,4.730232660701511,Ca-HCO3
20,Synthetic Zone,Synthetic Area 5,SYN-X5,20.29882537291702,85.85208435359246,Postmonsoon,6.16,576.87,374.98,235.5,57.9,61.32,12.82,26.02,9.69,0.403,120.58,67.55,24.13,38.69,0.192,5.48,Synthetic,4.633556190460983,5.494646792631131,5.008000718707216,True,0.5939627469736304,2.8999645015740754,Ca-SO4
21,Synthetic Zone,Synthetic Area 6,SYN-X6,20.310591944636258,85.79127275297367,Postmonsoon,5.37,365.89,237.82,84.05,52.05,20.9,3.12,31.5,8.98,0.377,10.0,92.63,28.0,42.94,0.103,6.02,Synthetic,-16.58348226098107,2.8995327538339923,4.052406340304689,False,0.5243679726509238,4.061348456932288,Na-K-Cl
22,Synthetic Zone,Synthetic Area 7,SYN-X7,20.350959935289477,85.86118452101056,Postmonsoon,6.77,504.77,328.11,172.75,58.47,48.64,13.63,27.28,7.98,0.289,80.81,59.21,28.29,50.67,0.185,4.99,Synthetic,5.768729008118098,4.9396513505959625,4.400824604668335,True,0.7104386382424411,2.163596504716173,Na-K-SO4
23,Synthetic Zone,Synthetic Area 8,SYN-X8,20.31209350894735,85.7804985060643,Postmonsoon,5.91,557.63,362.46,146.7,45.14,55.09,1.0,34.15,12.07,0.281,47.37,100.08,32.55,66.77,0.091,4.79,Synthetic,-7.301369871543558,4.625430622081804,5.354070942660087,True,0.5261634537520049,33.40037425149701,Ca-Cl
24,Synthetic Zone,Synthetic Area 9,SYN-X9,20.304245142325023,85.85328229927958,Postmonsoon,5.83,671.87,436.72,348.81,139.86,64.02,12.35,29.12,10.17,0.122,92.11,127.73,21.08,64.32,0.3,5.89,Synthetic,-6.904572457595896,5.737811654134734,6.588919756000772,True,0.35154079190599113,3.1428761909379626,Ca-Cl
25,Synthetic Zone,Synthetic Area 10,SYN-X10,20.355639936187956,85.79327580758309,Postmonsoon,6.1,479.18,311.47,200.93,42.33,32.62,9.75,33.74,9.2,0.442,78.02,54.8,23.57,62.94,0.27,6.26,Synthetic,-2.330380844668513,4.133102370778159,4.33033263904812,True,0.9493837371373782,2.0284200829111008,Na-K-SO4
26,Synthetic Zone,Synthetic Area 11,SYN-X11,20.272159894535857,85.86066357864661,Postmonsoon,6.42,479.73,311.84,131.91,59.75,37.06,10.54,36.6,8.98,0.286,10.0,129.36,23.65,56.34,0.186,6.09,Synthetic,-6.9276287243243955,4.538455148547516,5.2140741710393765,True,0.43627301052889816,2.131784817461851,Na-K-Cl
27,Synthetic Zone,Synthetic Area 12,SYN-X12,20.30440302723122,85.82710462976009,Postmonsoon,5.79,517.64,336.46,221.3,61.09,50.77,12.09,19.22,3.17,0.293,133.43,54.44,18.54,31.0,0.192,6.14,Synthetic,-1.797761760389291,4.445584689907718,4.608352918032777,True,0.5443930035069396,2.5460060028825726,Ca-HCO3
28,Synthetic Zone,Synthetic Area 13,SYN-X13,20.362269114538407,85.77958500612475,Postmonsoon,5.98,502.9,326.89,85.61,10.0,39.33,1.0,35.53,10.65,0.349,36.1,92.81,33.71,62.99,0.062,4.04,Synthetic,-12.113167953475807,3.862712439126959,4.927483655510233,False,0.5903066871712492,23.845284431137724,Ca-Cl
29,Synthetic Zone,Synthetic Area 14,SYN-X14,20.33029433407854,85.78033907559082,Postmonsoon,6.05,496.79,322.93,216.18,118.02,35.89,17.12,34.71,5.77,0.299,51.09,117.4,12.35,43.52,0.298,5.68,Synthetic,-2.5158195334274804,4.85732885794971,5.108039542752588,True,0.45589390394905427,1.2710079257373106,Na-K-Cl
30,Synthetic Zone,Synthetic Area 15,SYN-X15,20.303009426179983,85.85330998785267,Postmonsoon,6.16,501.62,326.03,151.06,82.95,44.89,17.7,26.54,6.16,0.313,87.26,88.66,18.07,22.09,0.184,6.38,Synthetic,3.5694329927117767,5.008769803597282,4.66352376577999,True,0.4615836954581711,1.5376408200548057,Na-K-Cl
31,Synthetic Zone,Synthetic Area 16,SYN-X16,20.308809756608895,85.87264676872363,Postmonsoon,6.41,541.61,352.07,132.61,14.81,56.7,5.32,26.29,9.47,0.281,62.24,94.93,29.14,50.09,0.077,6.06,Synthetic,-4.705546741040516,4.652941558017305,5.112456949224438,True,0.42703588693154415,6.461747557516546,Ca-Cl
32,Synthetic Zone,Synthetic Area 17,SYN-X17,20.32136846182799,85.80504474859693,Postmonsoon,5.89,525.68,341.69,234.06,50.21,62.81,3.08,12.0,4.26,0.555,123.87,47.91,13.62,44.3,0.157,5.68,Synthetic,-4.297501418810275,4.018646958167902,4.379560022308499,True,0.3862178513813008,12.363932848588538,Ca-HCO3
33,Synthetic Zone,Synthetic Area 18,SYN-X18,20.287473665923805,85.80798058676194,Postmonsoon,6.04,314.06,204.15,151.46,24.36,24.01,3.94,17.66,4.68,0.332,51.86,16.65,16.63,56.8,0.102,6.49,Synthetic,-3.439287966929968,2.410236792030749,2.581931847333246,True,1.635511980009588,3.694660172041704,Na-K-HCO3
34,Synthetic Zone,Synthetic Area 19,SYN-X19,20.302715860709288,85.77979990110572,Postmonsoon,5.69,403.28,262.13,66.97,28.37,28.75,11.86,29.72,5.34,0.369,70.91,78.34,16.29,8.82,0.119,6.43,Synthetic,-0.17288575175581708,3.8400712879531373,3.853372155486236,True,0.58498200425244,1.4697102422473773,Na-K-Cl
35,Synthetic Zone,Synthetic Area 20,SYN-X20,20.302419953276008,85.81935238530724,Postmonsoon,6.46,534.87,347.67,189.68,91.92,33.12,17.1,35.88,10.16,0.214,60.53,89.67,31.33,57.46,0.284,6.25,Synthetic,-2.203109891953363,4.880627121394296,5.100522823153322,True,0.6169962619207939,1.1742830129215254,Na-K-Cl
36,Synthetic Zone,Synthetic Area 21,SYN-X21,20.33773630855721,85.83860148180548,Postmonsoon,6.24,496.68,322.84,126.37,95.17,40.27,10.26,29.6,12.45,0.242,11.61,122.97,31.81,47.26,0.129,6.04,Synthetic,-6.536291183878125,4.459856116058992,5.083647287670042,True,0.3711673842444448,2.3796485975417587,Na-K-Cl
37,Synthetic Zone,Synthetic Area 22,SYN-X22,20.336339098856246,85.773764901521,Postmonsoon,6.38,544.57,353.98,240.34,78.93,53.54,11.57,26.96,5.13,0.256,87.98,84.29,13.11,56.42,0.228,5.64,Synthetic,-0.7521019794358824,4.927805882702738,5.002491848503013,True,0.49319776774718455,2.805585889586428,Ca-Cl
38,Synthetic Zone,Synthetic Area 23,SYN-X23,20.287229273291384,85.83909696217331,Postmonsoon,6.49,418.82,272.23,100.48,10.0,32.71,10.51,30.21,5.93,0.162,91.16,31.21,27.1,36.11,0.078,4.76,Synthetic,5.905795016575711,3.9629680959427347,3.520981380707671,True,1.4925683387132225,1.8869326048189068,Na-K-HCO3
39,Synthetic Zone,Synthetic Area 24,SYN-X24,20.313861470151306,85.77345988090016,Postmonsoon,5.05,625.85,406.81,228.74,35.12,78.32,1.66,23.51,14.44,0.478,88.96,144.82,10.01,19.98,0.065,7.51,Synthetic,-5.534134303005781,5.436737139848987,6.073742544501118,True,0.2503233454029328,28.605078998629246,Ca-Cl
40,Synthetic Zone,Synthetic Area 25,SYN-X25,20.345911997576515,85.85020949066237,Postmonsoon,6.41,353.12,229.54,61.1,41.52,26.71,11.2,19.62,4.31,0.373,10.0,114.5,12.64,20.96,0.057,6.19,Synthetic,-10.767957094592076,3.218289738009612,3.9950153331770233,False,0.2642231006076309,1.4458872433704022,Na-K-Cl
41,Synthetic Zone,Synthetic Area 26,SYN-X26,20.320304449632687,85.77957486591096,Postmonsoon,6.54,628.53,408.57,245.81,29.84,62.14,20.04,26.57,9.3,0.549,151.72,97.04,5.6,17.45,0.252,6.42,Synthetic,4.436101683902468,6.1437526598550045,5.621819897516673,True,0.4221998112373314,1.8799750797805588,Ca-Cl
42,Synthetic Zone,Synthetic Area 27,SYN-X27,20.34211403828659,85.83129989210646,Postmonsoon,6.33,569.93,370.47,217.6,107.81,68.38,16.07,18.11,4.84,0.219,61.75,144.29,10.15,25.06,0.156,6.48,Synthetic,-0.4530525272183599,5.6463283571021465,5.697722867865809,True,0.19353498589228338,2.579834109006629,Ca-Cl
43,Synthetic Zone,Synthetic Area 28,SYN-X28,20.343658531049126,85.84810323257291,Postmonsoon,6.17,486.43,316.18,132.35,32.6,45.73,12.24,27.78,10.51,0.281,89.03,64.29,26.75,26.46,0.088,5.74,Synthetic,5.654633163745232,4.766492946271397,4.256287794227148,True,0.6662942783660734,2.265157185628743,Na-K-SO4
44,Synthetic Zone,Synthetic Area 29,SYN-X29,20.345762740529114,85.82472933997379,Postmonsoon,5.97,460.45,299.29,271.45,69.67,47.97,6.5,18.16,6.39,0.217,91.7,36.89,15.03,63.6,0.166,6.12,Synthetic,-0.0014769162546496727,3.882027764630401,3.882142434922117,True,0.7590745961772719,4.474401197604791,Ca-HCO3
45,Synthetic Zone,Synthetic Area 30,SYN-X30,20.279494985152684,85.8400442806713,Postmonsoon,5.61,403.27,262.13,67.08,59.39,32.32,3.96,30.53,8.6,0.348,12.57,95.96,26.91,36.24,0.075,5.82,Synthetic,-7.569699764230241,3.4866179081642574,4.057700133150435,True,0.49058451206924164,4.948285247686446,Na-K-Cl
46,Synthetic Zone,Synthetic Area 31,SYN-X31,20.32750991183853,85.84715385205324,Postmonsoon,4.92,370.08,240.54,24.33,52.76,27.98,1.0,24.34,5.8,0.362,10.0,137.96,24.84,17.2,0.01,6.86,Synthetic,-28.724296875585043,2.6855708906103364,4.850155234525325,False,0.2720474481133212,16.963922155688625,Ca-Cl
47,Synthetic Zone,Synthetic Area 32,SYN-X32,20.282450633938407,85.79242605332335,Postmonsoon,5.2,477.58,310.43,187.11,54.62,41.55,9.69,20.92,5.79,0.323,83.36,117.89,7.7,5.0,0.116,6.37,Synthetic,-11.326187685173695,3.9289268515875144,4.932600016431435,False,0.27362891019344754,2.599715429821472,Ca-Cl
48,Synthetic Zone,Synthetic Area 33,SYN-X33,20.354503485055265,85.84792631317853,Postmonsoon,6.38,484.13,314.69,147.79,67.81,57.45,18.13,10.35,0.5,0.43,127.85,66.97,8.54,0.5,0.173,5.85,Synthetic,7.247501850029221,4.821930998086959,4.170224371330898,True,0.2383072851496548,1.921192089070618,Ca-HCO3
49,Synthetic Zone,Synthetic Area 34,SYN-X34,20.356285382203364,85.84880006544972,Postmonsoon,6.13,469.92,305.46,188.79,66.18,36.31,6.32,33.34,6.55,0.01,89.08,17.11,36.46,72.43,0.163,3.86,Synthetic,1.0220511995909407,3.9497557754212433,3.869835548492078,True,3.0046428338090236,3.48327474797241,Na-K-HCO3
50,Synthetic Zone,Synthetic Area 35,SYN-X35,20.325178063932363,85.83834180703612,Postmonsoon,6.71,478.21,310.85,217.23,65.1,41.39,10.73,21.12,6.84,0.267,58.77,73.78,15.66,60.3,0.18,5.91,Synthetic,-3.58853371594324,4.042093181955921,4.34299489469819,True,0.44140020570660743,2.3386986511599357,Ca-Cl
