Sl_No,Sites,Areas,Location_ID,Latitude,Longitude,Season,pH,EC,TDS,TH,Alkalinity,Ca,Mg,Na,K,Iron,HCO3,Cl,SO4,NO3,F,DO,Data_Type,CBE,TCC_meq,TCA_meq,CBE_Valid
1,Population Density,Acharya Vihar,PD-1,20.303531,85.826217,Premonsoon,4.89,300.0,192.0,7.0,102.0,32.55,5.04,16.48,4.27,0.12,63.12,31.03,6.7,24.02,0.05,5.18,Original,8.081458075102754,2.865106878774744,2.4366477973767604,True
2,Population Density,Ram Mandir,PD-2,20.278197,85.840284,Premonsoon,5.58,403.0,258.0,22.0,113.0,34.73,6.46,28.92,6.31,0.39,65.34,54.56,22.8,28.82,0.05,6.11,Original,1.8612546881515382,3.684040483117669,3.549407591709933,True
3,Population Density,Sailashree Vihar,PD-3,20.337294,85.810481,Premonsoon,5.13,331.0,212.0,6.0,107.0,32.64,6.19,15.88,6.5,0.28,89.0,27.01,14.4,12.35,0.03,6.51,Original,4.824804937109078,2.9951830469717087,2.7194625443436395,True
4,Population Density,OMFED Square,PD-4,20.323147,85.82309,Premonsoon,5.81,366.0,234.0,16.0,107.0,32.75,6.05,27.83,4.18,0.27,95.42,38.54,8.5,17.84,0.06,6.3,Original,5.087043251899427,3.4496056103908863,3.115629272318663,True
5,Population Density,Old Town Bhubaneswar,PD-5,20.228015,85.833273,Premonsoon,7.81,350.0,224.0,49.0,108.0,32.12,6.71,21.16,5.6,0.12,81.85,39.12,11.9,4.87,0.08,7.48,Original,7.470611503642716,3.218680466045794,2.7711997830987767,True
6,Industrial areas,Mancheswar Industrial Estate,IA-1,20.305158,85.857224,Premonsoon,6.76,508.0,325.0,42.0,119.0,34.3,8.13,33.87,8.71,0.35,116.25,64.85,22.9,32.89,0.07,6.34,Original,-7.540960665481612,4.076724035913595,4.74171938564076,True
7,Industrial areas,Chandaka Industrial Estate,IA-2,20.347449,85.814168,Premonsoon,4.48,422.0,270.0,9.0,116.0,33.32,8.0,34.55,5.51,0.36,101.5,44.61,7.8,32.65,0.03,6.18,Original,4.673741137945154,3.96485889702735,3.6107925584837854,True
8,Industrial areas,OMFED Industries,IA-3,20.32916,85.826771,Premonsoon,6.38,409.0,262.0,39.0,113.0,33.5,7.06,32.74,6.37,0.26,76.1,58.13,19.09,22.66,0.04,6.79,Original,2.5353787486757944,3.839739680164313,3.6498502097328887,True
9,Industrial areas,Rasulgarh,IA-4,20.298776,85.866261,Premonsoon,6.57,395.0,253.0,36.0,112.0,33.44,6.95,21.69,5.94,0.22,111.38,41.79,15.71,9.85,0.08,6.54,Original,-2.256817169474722,3.336050969634915,3.490104825637722,True
10,Industrial areas,Anmol Industries Dabua,IA-5,20.36326,85.753206,Premonsoon,5.35,350.0,224.0,11.0,105.0,31.53,6.39,20.37,5.53,0.22,83.89,35.01,12.08,13.39,0.03,6.39,Original,4.984183399636352,3.1267488519715467,2.829860516640025,True
11,"Dumping 
Yard",Bhuasuni Temple Area,DY-1,20.388678,85.792107,Premonsoon,5.44,425.0,272.0,9.0,118.0,34.15,8.07,22.45,7.63,0.32,122.79,32.1,15.7,19.74,0.04,7.36,Original,-0.32544489602945775,3.539941538943861,3.5630578880439945,True
12,"Dumping 
Yard",Lingaraj Railway Station,DY-2,20.235861,85.83582,Premonsoon,6.61,488.0,312.0,38.0,124.0,34.32,9.4,31.15,9.17,0.34,119.11,55.48,25.4,25.32,0.06,5.39,Original,-4.437624149283379,4.0757011850592875,4.45422735381708,True
13,"Dumping 
Yard","BMC Micro 
Composting",DY-3,20.284301,85.833995,Premonsoon,6.87,395.0,253.0,35.0,119.0,32.88,8.97,25.31,7.62,0.23,89.53,35.45,24.8,18.98,0.07,7.11,Original,5.529362958192606,3.674788518924816,3.2896968449840913,True
14,"Dumping 
Yard",Gadakan Road,DY-4,20.326795,85.835968,Premonsoon,5.81,463.0,296.0,14.0,123.0,35.19,8.6,33.03,7.79,0.39,98.33,45.45,21.65,42.86,0.07,5.62,Original,0.7888399988293431,4.099751304311245,4.03557658389317,True
15,"Dumping 
Yard",Daruthenga,DY-5,20.382316,85.795063,Premonsoon,5.96,402.0,257.0,30.0,109.0,33.46,6.18,26.57,8.32,0.24,85.43,49.48,7.1,37.17,0.05,5.2,Original,0.05174063126010828,3.546810255944439,3.5431418699584576,True
1,Population Density,Acharya Vihar,PD-1,20.303531,85.826217,Monsoon,5.85,668.92,428.1088,111.0,69.0,40.39,9.81,80.31,12.15,0.1,146.7,60.87,28.92,38.38,0.2,7.27,Original,10.731887376759843,6.6268760954972095,5.34235201482947,False
2,Population Density,Ram Mandir,PD-2,20.278197,85.840284,Monsoon,6.74,569.52,370.188,74.0,97.0,34.16,11.28,50.78,18.75,0.38,181.42,43.15,11.07,3.5,0.08,6.47,Original,8.613991857667141,5.321311950917525,4.477263462627391,True
3,Population Density,Sailashree Vihar,PD-3,20.337294,85.810481,Monsoon,6.04,616.86,400.959,249.0,34.0,68.89,8.45,30.06,6.56,0.29,56.69,152.59,30.38,36.75,0.06,4.49,Original,-7.0462598970210495,5.608397948463483,6.458675290870858,True
4,Population Density,OMFED Square,PD-4,20.323147,85.82309,Monsoon,5.75,594.37,386.3405,111.0,117.0,49.61,6.4,43.98,7.23,0.18,167.0,55.99,7.1,11.23,0.03,6.39,Original,4.66934451022061,5.100214013954977,4.645168529177235,True
5,Population Density,Old Town Bhubaneswar,PD-5,20.228015,85.833273,Monsoon,6.87,626.89,407.4785,259.0,34.0,53.47,14.07,25.75,19.47,0.26,170.22,48.45,17.93,27.03,0.2,4.75,Original,4.597872540913766,5.444194524814309,4.965566959932517,True
6,Industrial areas,Mancheswar Industrial Estate,IA-1,20.305158,85.857224,Monsoon,5.55,710.0,461.5,167.0,33.0,52.25,8.63,76.16,15.16,0.12,73.49,107.14,19.22,95.15,0.09,2.89,Original,6.499122734825974,7.018041951747925,6.161488116724602,True
7,Industrial areas,Chandaka Industrial Estate,IA-2,20.347449,85.814168,Monsoon,4.78,469.64,305.266,62.0,64.0,30.87,5.66,47.69,19.21,0.5,62.94,54.54,30.08,42.5,0.21,5.1,Original,8.164709820621795,4.5719472961911665,3.88172914554883,True
8,Industrial areas,OMFED Industries,IA-3,20.32916,85.826771,Monsoon,5.04,733.22,476.593,145.0,54.0,61.8,11.52,76.63,4.36,0.14,201.57,70.14,24.1,21.43,0.12,3.15,Original,9.902680049439061,7.476677777641859,6.129319408738892,True
9,Industrial areas,Rasulgarh,IA-4,20.298776,85.866261,Monsoon,6.16,617.92,401.64799999999997,160.0,79.0,48.47,11.14,43.44,6.39,0.55,87.44,148.53,19.9,29.82,0.04,3.3,Original,-9.487438935420114,5.388479393991872,6.51810977023969,True
10,Industrial areas,Anmol Industries Dabua,IA-5,20.36326,85.753206,Monsoon,5.547215253890415,656.18,426.517,111.0,87.0,41.45,10.54,48.95,19.17,0.46,132.04,130.32,21.22,16.67,0.05,6.56,Original,-8.222352476856136,5.555320918181338,6.550722477146342,True
11,"Dumping 
Yard",Bhuasuni Temple Area,DY-1,20.388678,85.792107,Monsoon,5.76,585.9,380.835,45.0,63.0,40.14,8.46,58.26,12.66,0.27,196.6,29.94,14.94,19.34,0.15,6.85,Original,8.468750201850634,5.557220755069517,4.689455351602731,True
12,"Dumping 
Yard",Lingaraj Railway Station,DY-2,20.235861,85.83582,Monsoon,5.52,695.31,451.95149999999995,151.0,45.0,60.74,13.07,57.95,12.34,0.34,82.1,131.57,32.05,12.13,0.15,6.04,Original,7.953972708607866,6.942920468404246,5.919821483936415,True
13,"Dumping 
Yard","BMC Micro 
Composting",DY-3,20.284301,85.833995,Monsoon,6.77,545.46,354.54900000000004,110.0,125.0,46.61,6.61,28.68,17.53,0.58,65.62,130.78,15.45,17.8,0.13,2.3,Original,-8.125331255470467,4.565717733682526,5.373295480891662,True
14,"Dumping 
Yard",Gadakan Road,DY-4,20.326795,85.835968,Monsoon,5.49,785.59,510.6335,179.0,122.0,61.62,8.78,71.8,19.59,0.27,238.22,57.45,22.72,26.27,0.03,4.93,Original,7.226070403328711,7.4216040608550635,6.421305658654099,True
15,"Dumping 
Yard",Daruthenga,DY-5,20.382316,85.795063,Monsoon,5.66,637.62,414.45300000000003,274.0,109.0,50.21,12.05,57.55,19.7,0.3,112.41,92.65,32.13,7.34,0.05,4.86,Original,10.736737341527435,6.504357174368023,5.243067087027153,False
1,Population Density,Acharya Vihar,PD-1,20.303531,85.826217,Postmonsoon,5.23,453.03,294.4695,221.0,50.0,35.75,2.86,29.51,8.33,0.28,98.58,37.22,22.86,51.94,0.15,5.13,Original,-6.179903922563143,3.5159681263896867,3.979159833163224,True
2,Population Density,Ram Mandir,PD-2,20.278197,85.840284,Postmonsoon,6.35,375.09,243.80849999999998,170.0,74.0,20.98,15.37,10.64,3.43,0.25,87.12,42.18,12.78,26.41,0.16,6.02,Original,-7.244949023122589,2.86246046627805,3.3096249050978397,True
3,Population Density,Sailashree Vihar,PD-3,20.337294,85.810481,Postmonsoon,6.26,330.33,214.7145,126.0,46.0,17.11,16.66,19.77,3.3,0.45,58.25,57.52,7.86,17.94,0.19,6.73,Original,2.2445252508185654,3.1693239117478607,3.030174602178658,True
4,Population Density,OMFED Square,PD-4,20.323147,85.82309,Postmonsoon,6.19,325.67,211.68550000000002,74.0,48.0,12.08,7.18,27.96,7.42,0.26,15.75,50.23,27.84,53.33,0.09,5.45,Original,-9.014649536706747,2.5996916824454894,3.1148363579653635,True
5,Population Density,Old Town Bhubaneswar,PD-5,20.228015,85.833273,Postmonsoon,5.14,476.06,309.439,210.0,28.0,64.62,2.8,8.64,4.21,0.33,140.58,35.95,9.53,13.62,0.04,7.01,Original,2.638045956656902,3.938491779359633,3.7360342556017527,True
6,Industrial areas,Mancheswar Industrial Estate,IA-1,20.305158,85.857224,Postmonsoon,5.68,526.84,342.446,234.0,71.0,47.78,15.13,21.37,7.17,0.32,61.89,146.38,11.77,17.98,0.2,7.28,Original,-8.982886557443008,4.74240956596965,5.678508845077729,True
7,Industrial areas,Chandaka Industrial Estate,IA-2,20.347449,85.814168,Postmonsoon,6.03,432.02,280.813,180.0,73.0,44.37,10.0781645371098,17.3,10.23,0.14,25.35,120.84,7.5,25.62,0.04,6.65,Original,-3.9742309762400194,4.05768833508633,4.393560483514274,True
8,Industrial areas,OMFED Industries,IA-3,20.32916,85.826771,Postmonsoon,6.18,680.23,442.14950000000005,203.0,99.0,61.57,8.08,39.22,16.73,0.46,53.18,150.46,29.84,62.73,0.24,5.45,Original,-6.95436401463351,5.871212216062185,6.74885782566565,True
9,Industrial areas,Rasulgarh,IA-4,20.298776,85.866261,Postmonsoon,5.92,458.12,297.778,90.0,20.0,42.65,9.0,24.7,2.95,0.54,86.07,94.95,10.04,8.73,0.11,5.1,Original,-4.965618324117194,4.0188119893365295,4.438783921673426,True
10,Industrial areas,Anmol Industries Dabua,IA-5,20.36326,85.753206,Postmonsoon,6.41,553.276324309217,359.62961080099103,234.0,104.0,62.74,19.34,21.01,5.58,0.05,93.03,93.73,24.78,27.59,0.17,5.25,Original,5.9547401282376065,5.779094665807775,5.129515291261262,True
11,"Dumping 
Yard",Bhuasuni Temple Area,DY-1,20.388678,85.792107,Postmonsoon,6.46,403.92,262.548,118.0,10.0,39.31,2.4,20.06,4.89,0.2,25.79,70.86,26.17,57.06,0.05,5.83,Original,-10.364053519569909,3.1567249331603797,3.8867103338495506,False
12,"Dumping 
Yard",Lingaraj Railway Station,DY-2,20.235861,85.83582,Postmonsoon,6.33,415.84,270.296,121.0,17.0,41.18,14.35,15.34,8.54,0.48,83.32,50.96,25.78,18.59,0.09,7.22,Original,6.2112078117055125,4.121621129628371,3.6395581555847443,True
13,"Dumping 
Yard","BMC Micro 
Composting",DY-3,20.284301,85.833995,Postmonsoon,5.11,352.75,229.2875,53.0,53.0,20.6,6.49,31.22,7.42,0.12,18.47,91.59,30.76,15.21,0.03,5.77,Original,-9.622733195063505,3.1098520425366103,3.7720822147776354,True
14,"Dumping 
Yard",Gadakan Road,DY-4,20.326795,85.835968,Postmonsoon,5.85,385.95,250.8675,128.0,104.0,31.33,6.08,26.36,1.43,0.32,15.16,79.31,22.52,61.52,0.18,6.1,Original,-9.728818530148638,3.246943138096658,3.9468103615871084,True
15,"Dumping 
Yard",Daruthenga,DY-5,20.382316,85.795063,Postmonsoon,6.58,546.67,355.33549999999997,237.0,41.0,46.82,19.95,33.4,8.76,0.13,121.11,70.39,11.5,36.07,0.23,6.15,Original,8.266401583221542,5.655149142305572,4.791580516403196,True
1,Population Density,Acharya Vihar (Syn),SYN-PD-1,20.30894585061811,85.82476691300714,Premonsoon,6.4,368.33,261.39,36.04,117.15,34.26,7.16,25.08,9.47,0.224,94.26,52.5,32.92,6.67,0.079,6.52,Synthetic,-2.505737054833357,3.631989829246127,3.818684127412952,True
2,Population Density,Ram Mandir (Syn),SYN-PD-2,20.27232134810168,85.8462783752793,Premonsoon,7.83,482.16,267.76,35.0,121.54,33.97,9.68,32.37,9.11,0.36,108.41,31.63,23.45,43.68,0.017,6.02,Synthetic,3.392202274745716,4.132813406508706,3.86162585599296,True
3,Population Density,Sailashree Vihar (Syn),SYN-PD-3,20.33396613578058,85.81778486694795,Premonsoon,5.52,464.3,267.19,9.96,116.0,33.33,8.33,27.14,7.97,0.477,102.62,47.35,29.12,18.32,0.01,7.53,Synthetic,-2.4316734411409158,3.7331199442867593,3.9191993604513757,True
4,Population Density,OMFED Square (Syn),SYN-PD-4,20.331452143698357,85.83028647670781,Premonsoon,6.27,447.77,263.34,28.11,107.18,32.16,6.21,30.97,5.85,0.277,100.55,65.28,21.87,22.46,0.03,6.05,Synthetic,-8.766455111440045,3.6126253365757615,4.306885718241882,True
5,Population Density,Old Town Bhubaneswar (Syn),SYN-PD-5,20.218715158296135,85.83902046690011,Premonsoon,7.08,241.14,143.02,17.86,99.8,31.66,4.16,12.73,5.53,0.192,78.07,38.67,9.36,0.5,0.04,6.58,Synthetic,0.8512923502722792,2.617378383965399,2.573191459948619,True
6,Industrial areas,Mancheswar Industrial Estate (Syn),SYN-IA-1,20.303384789329982,85.86469845840365,Premonsoon,7.1,409.29,268.22,22.67,117.27,32.98,8.38,35.88,6.34,0.246,71.86,50.57,13.79,35.35,0.062,5.38,Synthetic,7.936650263711225,4.058247410480485,3.461436405100895,True
7,Industrial areas,Chandaka Industrial Estate (Syn),SYN-IA-2,20.350208085253694,85.82084086268287,Premonsoon,5.74,367.53,278.36,29.15,115.73,34.16,6.89,25.44,5.51,0.25,100.74,49.67,10.19,25.38,0.049,7.58,Synthetic,-2.1468689812846495,3.519157796851467,3.673576375708416,True
8,Industrial areas,OMFED Industries (Syn),SYN-IA-3,20.32914863539734,85.82747151009197,Premonsoon,6.56,308.48,193.11,45.09,103.79,31.92,6.94,12.47,6.4,0.148,89.22,11.03,18.16,1.66,0.068,6.21,Synthetic,13.706573956284368,2.8701003947121544,2.178157229892019,False
9,Industrial areas,Rasulgarh (Syn),SYN-IA-4,20.291663752642673,85.87194074717378,Premonsoon,5.31,296.53,164.25,2.0,98.13,31.08,5.08,19.69,5.68,0.199,90.42,18.92,5.63,11.01,0.026,6.52,Synthetic,12.505377278820418,2.970733071820617,2.3103177431253976,False
10,Industrial areas,Anmol Industries Dabua (Syn),SYN-IA-5,20.361647792233338,85.75320760236544,Premonsoon,6.33,345.03,261.07,29.12,110.42,33.24,6.57,32.13,3.41,0.228,89.2,51.24,8.36,7.48,0.092,7.4,Synthetic,7.00341933665653,3.6841998100158224,3.2019349188651516,True
11,"Dumping 
Yard",Bhuasuni Temple Area (Syn),SYN-DY-1,20.394379954281913,85.7940839080016,Premonsoon,5.61,464.16,207.94,23.62,109.14,32.69,4.99,25.04,5.14,0.257,122.64,42.26,8.89,19.3,0.089,6.16,Synthetic,-6.260029699299191,3.2625641179407148,3.698317366179669,True
12,"Dumping 
Yard",Lingaraj Railway Station (Syn),SYN-DY-2,20.229882974548854,85.83762465318301,Premonsoon,5.87,429.45,243.48,13.14,117.36,34.26,7.6,28.79,8.02,0.375,113.34,51.92,4.95,30.87,0.038,5.88,Synthetic,-1.6912973456030729,3.792493932695499,3.922985633804257,True
13,"Dumping 
Yard","BMC Micro 
Composting (Syn)",SYN-DY-3,20.282453657159593,85.83338551084088,Premonsoon,6.0,342.52,199.38,32.48,112.87,33.25,6.54,30.27,5.35,0.252,63.66,49.85,21.99,38.29,0.014,6.51,Synthetic,1.7566101566280394,3.6509413033039837,3.5248899231574753,True
14,"Dumping 
Yard",Gadakan Road (Syn),SYN-DY-4,20.317361225488053,85.83016858699033,Premonsoon,4.68,284.14,197.61,23.33,101.69,30.74,5.57,11.6,6.64,0.174,74.83,30.48,8.82,24.66,0.013,6.46,Synthetic,-0.013917914740279728,2.6667565247191165,2.667498941846982,True
15,"Dumping 
Yard",Daruthenga (Syn),SYN-DY-5,20.37793676162762,85.79932220015718,Premonsoon,6.45,289.89,183.27,18.07,105.04,31.9,6.07,9.5,7.14,0.116,50.93,44.04,13.26,13.49,0.064,6.37,Synthetic,2.218036605083319,2.687236680779766,2.570615592712502,True
16,Synthetic Zone,Synthetic Area 1,SYN-X1,20.266611780663144,85.81380625945624,Premonsoon,6.23,386.52,283.0,32.82,116.43,32.89,8.49,22.0,6.96,0.259,89.68,37.08,25.86,49.64,0.052,5.75,Synthetic,-5.181628430724388,3.4749259111016015,3.8547209781887775,True
17,Synthetic Zone,Synthetic Area 2,SYN-X2,20.357865220375906,85.78411659498823,Premonsoon,6.68,420.85,230.57,21.63,116.4,31.75,6.92,27.68,6.06,0.328,60.12,32.23,24.66,17.87,0.047,6.9,Synthetic,13.155127544550972,3.512867614591352,2.6960734927540138,False
18,Synthetic Zone,Synthetic Area 3,SYN-X3,20.317104972155192,85.85158077157242,Premonsoon,5.05,421.43,258.78,24.52,117.02,34.06,6.02,28.43,4.9,0.503,99.12,49.31,20.71,29.66,0.046,8.13,Synthetic,-4.917382223533474,3.557018361926368,3.9249345861691562,True
19,Synthetic Zone,Synthetic Area 4,SYN-X4,20.359715664085343,85.8476061972867,Premonsoon,6.49,347.72,190.11,2.0,104.72,32.73,5.19,21.18,5.25,0.231,55.13,42.36,7.09,9.7,0.024,7.3,Synthetic,12.928945152983221,3.115935243947904,2.402464382873707,False
20,Synthetic Zone,Synthetic Area 5,SYN-X5,20.337519088197773,85.8555773423529,Premonsoon,6.09,316.05,238.81,12.15,109.72,33.55,5.41,24.16,6.81,0.251,70.52,41.82,12.73,45.48,0.039,5.77,Synthetic,0.1574055086079345,3.3444796763127025,3.3339674326736906,True
21,Synthetic Zone,Synthetic Area 6,SYN-X6,20.310082655431085,85.8535129865951,Premonsoon,6.64,343.42,186.26,26.55,102.2,33.07,6.76,20.87,4.55,0.122,67.31,43.58,11.91,3.82,0.096,8.0,Synthetic,10.024829373083358,3.230732481976857,2.642000973526648,False
22,Synthetic Zone,Synthetic Area 7,SYN-X7,20.266258973807876,85.865384638871,Premonsoon,8.71,460.69,246.81,45.25,104.51,34.73,9.45,34.7,9.04,0.368,71.83,66.42,32.49,8.71,0.063,5.93,Synthetic,4.725284511559163,4.251365648076324,3.867715943164567,True
23,Synthetic Zone,Synthetic Area 8,SYN-X8,20.30979318428505,85.8282665521199,Premonsoon,6.72,357.18,255.3,28.91,101.39,33.32,7.34,27.79,5.4,0.29,76.42,44.28,13.78,21.4,0.091,5.74,Synthetic,7.116408616230532,3.6136837227979695,3.133524794516745,True
24,Synthetic Zone,Synthetic Area 9,SYN-X9,20.29095075822482,85.84718161661736,Premonsoon,6.48,456.58,311.63,25.09,116.13,33.49,9.73,27.15,8.78,0.345,125.45,45.18,22.48,37.78,0.033,6.01,Synthetic,-6.400167031579835,3.8774813979302536,4.407750049520053,True
25,Synthetic Zone,Synthetic Area 10,SYN-X10,20.273126113980858,85.86019211358801,Premonsoon,6.3,399.66,237.02,32.0,101.63,32.89,8.22,25.18,8.2,0.214,88.31,42.66,14.81,19.24,0.033,5.62,Synthetic,5.128409218617124,3.622738253000998,3.269286994841237,True
26,Synthetic Zone,Synthetic Area 11,SYN-X11,20.348274216233964,85.7945345449578,Premonsoon,8.94,433.24,282.76,51.2,119.54,33.54,8.81,26.26,6.97,0.187,124.93,44.09,25.43,0.5,0.12,6.64,Synthetic,-1.4488624399944745,3.7192521995103784,3.8286103449393214,True
27,Synthetic Zone,Synthetic Area 12,SYN-X12,20.346394973161857,85.85156430663947,Premonsoon,5.94,371.43,311.3,54.11,122.79,34.24,9.48,37.59,7.19,0.338,128.97,52.53,18.64,27.83,0.077,7.04,Synthetic,-1.4251588908863466,4.307775937125397,4.432336425535313,True
28,Synthetic Zone,Synthetic Area 13,SYN-X13,20.328684193108725,85.8102805510233,Premonsoon,7.2,410.86,214.43,30.72,115.46,32.71,7.74,10.39,7.23,0.236,76.21,35.41,23.84,0.92,0.082,7.36,Synthetic,2.596892743737534,2.906118676097085,2.7590015792616684,True
29,Synthetic Zone,Synthetic Area 14,SYN-X14,20.29261240875152,85.79610689236226,Premonsoon,6.71,409.36,210.7,2.0,111.5,34.07,5.69,29.82,5.39,0.318,79.71,39.27,21.59,15.62,0.06,7.12,Synthetic,7.260967738603381,3.603349909435127,3.1154966298139795,True
30,Synthetic Zone,Synthetic Area 15,SYN-X15,20.29732342960969,85.86328437767658,Premonsoon,7.04,399.93,243.7,44.1,103.2,30.5,4.78,27.52,3.1,0.154,80.72,33.56,8.47,17.71,0.071,6.34,Synthetic,7.768983232332562,3.191697805409968,2.731523718410447,True
31,Synthetic Zone,Synthetic Area 16,SYN-X16,20.27322661093221,85.85581566095863,Premonsoon,6.82,341.89,211.06,23.2,105.63,32.52,5.53,16.81,4.15,0.19,74.17,41.44,12.56,8.13,0.044,6.84,Synthetic,2.426394001300523,2.915224104170922,2.7771057539590185,True
32,Synthetic Zone,Synthetic Area 17,SYN-X17,20.300351540837514,85.82508847293447,Premonsoon,4.22,300.97,224.17,2.0,103.0,31.92,5.27,17.25,5.91,0.174,67.27,22.23,6.7,18.44,0.028,7.36,Synthetic,14.949874279052244,2.928036351160357,2.16642133228566,False
33,Synthetic Zone,Synthetic Area 18,SYN-X18,20.34491109669818,85.86136618803562,Premonsoon,7.5,477.64,313.87,55.2,115.57,33.85,8.06,33.98,7.44,0.346,86.5,70.86,27.24,18.94,0.047,6.71,Synthetic,-3.228175950212494,4.020811499801701,4.289069065708896,True
34,Synthetic Zone,Synthetic Area 19,SYN-X19,20.299940675340597,85.81911288146084,Premonsoon,5.48,367.5,177.82,13.83,100.59,33.07,7.51,3.98,6.18,0.059,118.05,12.5,5.7,0.5,0.056,6.46,Synthetic,3.700458139388898,2.599481609949258,2.4139612553757277,True
35,Synthetic Zone,Synthetic Area 20,SYN-X20,20.30691413981501,85.77425363668371,Premonsoon,4.0,396.42,269.71,14.44,111.26,32.17,6.22,26.66,5.93,0.429,93.38,49.53,16.16,41.1,0.029,6.2,Synthetic,-6.775125705525308,3.4285206053778134,3.9268566613116564,True
36,Synthetic Zone,Synthetic Area 21,SYN-X21,20.2950568222192,85.81884745670658,Premonsoon,7.08,430.27,300.87,53.53,128.15,33.56,7.69,26.96,9.6,0.348,123.53,52.84,32.69,23.39,0.081,7.12,Synthetic,-10.207260119072009,3.725780581532164,4.572842640061993,False
37,Synthetic Zone,Synthetic Area 22,SYN-X22,20.306571894221374,85.8451214560849,Premonsoon,6.25,262.43,185.97,14.39,102.8,32.01,4.67,13.45,6.16,0.062,73.04,11.26,19.06,6.07,0.027,7.59,Synthetic,15.102569495424081,2.724249258769282,2.0093535977292167,False
38,Synthetic Zone,Synthetic Area 23,SYN-X23,20.303942895055442,85.8218661782304,Premonsoon,7.06,427.37,200.58,37.83,111.58,33.53,5.17,35.1,10.09,0.241,59.37,68.94,12.94,16.3,0.08,5.68,Synthetic,5.911073018485282,3.8834751230921283,3.4499887205124447,True
39,Synthetic Zone,Synthetic Area 24,SYN-X24,20.30842339254657,85.84699114822276,Premonsoon,6.26,506.8,257.11,23.48,119.81,34.04,7.53,34.66,6.06,0.359,54.07,55.13,17.96,38.18,0.044,4.94,Synthetic,7.419977299690574,3.980955098326806,3.4309904231665658,True
40,Synthetic Zone,Synthetic Area 25,SYN-X25,20.35175977323203,85.82611744123408,Premonsoon,6.43,346.11,265.59,5.04,115.38,32.18,5.84,24.64,6.0,0.268,79.47,38.34,4.84,34.5,0.086,4.63,Synthetic,4.259001157543583,3.311669879717909,3.0411051189869305,True
41,Synthetic Zone,Synthetic Area 26,SYN-X26,20.344405752752852,85.80260720153531,Premonsoon,5.98,346.24,229.75,43.28,105.26,32.86,5.02,21.16,7.33,0.286,63.21,38.75,16.39,24.61,0.067,5.12,Synthetic,4.870641565444284,3.160757487841299,2.8671592687637144,True
42,Synthetic Zone,Synthetic Area 27,SYN-X27,20.31959949434906,85.80745152870033,Premonsoon,6.37,411.16,254.29,27.7,112.07,33.81,5.64,21.41,6.13,0.144,111.96,42.73,10.4,15.44,0.102,5.74,Synthetic,-3.9488815124190215,3.2393752401329645,3.5057315137291525,True
43,Synthetic Zone,Synthetic Area 28,SYN-X28,20.306882625890516,85.84616991981459,Premonsoon,8.32,490.2,337.17,68.16,139.79,34.39,9.54,35.58,11.11,0.283,135.05,55.8,28.52,7.12,0.085,7.92,Synthetic,-1.8446806448992918,4.33302567605177,4.495890993000057,True
44,Synthetic Zone,Synthetic Area 29,SYN-X29,20.353628781566602,85.7850780724421,Premonsoon,7.65,434.41,251.59,39.72,104.53,33.23,5.85,29.19,3.52,0.151,87.5,59.04,13.5,13.02,0.038,6.83,Synthetic,-1.2849575588631317,3.4993731603029916,3.5904746962476346,True
45,Synthetic Zone,Synthetic Area 30,SYN-X30,20.32892645898207,85.8311429140911,Premonsoon,4.99,317.72,225.67,2.0,114.64,34.54,7.11,29.37,3.71,0.306,77.27,35.08,19.38,12.53,0.076,6.8,Synthetic,12.528225265720728,3.6811349516051832,2.861463481654851,False
46,Synthetic Zone,Synthetic Area 31,SYN-X31,20.277304037250925,85.79411796637734,Premonsoon,5.05,377.34,226.19,2.0,111.66,33.37,7.71,23.93,5.86,0.357,89.56,36.4,20.97,26.09,0.036,5.85,Synthetic,2.025228691225017,3.490497026998108,3.3519223858746585,True
47,Synthetic Zone,Synthetic Area 32,SYN-X32,20.2965627828066,85.78962164041508,Premonsoon,7.06,464.03,266.65,34.32,122.75,33.06,10.04,30.48,6.99,0.31,106.39,50.54,26.97,37.05,0.055,7.23,Synthetic,-4.184631885612975,3.9806042492801694,4.328301362871765,True
48,Synthetic Zone,Synthetic Area 33,SYN-X33,20.289835481585765,85.7996886132195,Premonsoon,6.22,519.69,301.45,21.44,117.99,35.4,9.71,39.8,9.45,0.322,89.43,48.9,25.49,49.87,0.062,5.13,Synthetic,4.111473612244919,4.538519472954683,4.180057482084962,True
49,Synthetic Zone,Synthetic Area 34,SYN-X34,20.299029916637238,85.84786757861345,Premonsoon,7.19,363.24,257.83,17.28,101.71,32.99,8.24,8.9,6.99,0.174,82.23,37.52,12.33,19.81,0.078,5.57,Synthetic,-1.5652535451393261,2.890294100644089,2.982213737773505,True
50,Synthetic Zone,Synthetic Area 35,SYN-X35,20.32265375371839,85.87155320052847,Premonsoon,5.71,397.17,292.11,13.17,122.57,35.12,8.71,32.86,6.47,0.329,105.03,33.09,12.97,27.19,0.01,6.77,Synthetic,9.436711455183373,4.064157678132495,3.3632542462414436,True
1,Population Density,Acharya Vihar (Syn),SYN-PD-1,20.297712162575618,85.83318664419868,Monsoon,7.37,553.85,499.01,131.55,124.9,47.03,10.51,23.77,19.42,0.291,227.85,41.46,8.89,0.5,0.101,6.95,Synthetic,-3.6007545951227486,4.742429949866438,5.0967133545198395,True
2,Population Density,Ram Mandir (Syn),SYN-PD-2,20.286317381420886,85.84111593845597,Monsoon,6.26,549.79,423.3,196.02,106.85,52.63,14.37,33.31,14.07,0.396,187.78,66.31,31.91,1.14,0.04,5.25,Synthetic,-0.11500502682003076,5.617700923783878,5.630637077919545,True
3,Population Density,Sailashree Vihar (Syn),SYN-PD-3,20.339882474222343,85.80561928569384,Monsoon,6.44,586.9,434.25,97.31,185.2,55.12,10.5,47.48,16.49,0.3,169.09,61.52,21.0,0.5,0.01,4.39,Synthetic,10.403369669509988,6.1016814223206515,4.951751893321612,False
4,Population Density,OMFED Square (Syn),SYN-PD-4,20.32916305375957,85.82573244856897,Monsoon,5.43,758.3,482.8,304.36,97.58,69.7,9.17,57.22,8.01,0.52,80.08,159.51,45.62,0.5,0.051,4.34,Synthetic,1.1442668321038205,6.926543978467715,6.7698210166249915,True
5,Population Density,Old Town Bhubaneswar (Syn),SYN-PD-5,20.22808527022596,85.82447517112158,Monsoon,6.25,585.1,421.69,196.97,18.55,58.73,11.41,12.32,13.23,0.467,21.42,117.81,24.27,10.33,0.109,4.06,Synthetic,4.375641830531462,4.743981711580266,4.346226747751246,True
6,Industrial areas,Mancheswar Industrial Estate (Syn),SYN-IA-1,20.31347669925022,85.8595330284077,Monsoon,7.23,605.83,355.52,80.92,157.97,21.69,10.47,59.05,21.23,0.573,137.65,43.11,7.13,0.5,0.01,6.5,Synthetic,16.434094964918565,5.055538523298151,3.6284101513943914,False
7,Industrial areas,Chandaka Industrial Estate (Syn),SYN-IA-2,20.341302821893862,85.81629572233966,Monsoon,6.65,661.0,411.55,38.72,129.25,57.19,9.08,18.89,23.99,0.323,10.0,82.77,1.0,0.5,0.122,4.6,Synthetic,33.1669952271366,5.0363340972591155,2.5276033313340283,False
8,Industrial areas,OMFED Industries (Syn),SYN-IA-3,20.3327092670848,85.82728640673366,Monsoon,6.6,669.06,460.11,314.86,36.37,47.15,11.84,58.44,17.22,0.104,186.88,58.97,28.03,31.07,0.173,6.14,Synthetic,4.115927277175901,6.309663986686432,5.810794720633028,True
9,Industrial areas,Rasulgarh (Syn),SYN-IA-4,20.303138034759122,85.86789007895857,Monsoon,6.35,574.11,399.45,100.68,116.95,39.61,11.06,53.59,4.67,0.38,278.63,60.08,1.54,0.5,0.079,5.79,Synthetic,-8.281473102500579,5.3372857963082305,6.301116992853322,True
10,Industrial areas,Anmol Industries Dabua (Syn),SYN-IA-5,20.372215391640644,85.74427994157199,Monsoon,4.44,689.31,431.3,251.7,10.0,50.22,13.42,81.89,4.94,0.01,134.7,103.46,34.1,73.81,0.179,5.6,Synthetic,1.9017784089304526,7.298840954995112,7.026406492021882,True
11,"Dumping 
Yard",Bhuasuni Temple Area (Syn),SYN-DY-1,20.38080291416939,85.78558043273908,Monsoon,5.45,452.24,260.9,181.05,20.61,47.53,7.34,27.24,16.67,0.362,80.08,92.1,31.59,22.92,0.19,4.16,Synthetic,-3.6819047499863102,4.587077408266885,4.937773340411584,True
12,"Dumping 
Yard",Lingaraj Railway Station (Syn),SYN-DY-2,20.239664421412087,85.838731917455,Monsoon,6.42,563.53,390.16,16.44,163.13,45.59,5.2,38.07,15.71,0.558,142.39,63.02,14.07,1.39,0.076,4.83,Synthetic,3.636433787496162,4.760661284296308,4.426573571850752,True
13,"Dumping 
Yard","BMC Micro 
Composting (Syn)",SYN-DY-3,20.292142177204195,85.83865254905768,Monsoon,5.65,618.64,406.48,123.35,76.45,43.38,12.35,71.6,22.39,0.179,58.82,75.79,31.04,8.05,0.111,4.14,Synthetic,27.825541314890412,6.868163399290503,3.8779884708920016,False
14,"Dumping 
Yard",Gadakan Road (Syn),SYN-DY-4,20.326962109751292,85.84580463584926,Monsoon,5.3,773.19,527.94,107.9,101.09,49.57,6.35,69.78,1.47,0.2,112.38,108.78,15.28,24.18,0.01,3.95,Synthetic,3.8557995111047836,6.0690152568697915,5.6183729976895735,True
15,"Dumping 
Yard",Daruthenga (Syn),SYN-DY-5,20.377638159123386,85.8017268331957,Monsoon,4.77,679.71,496.48,159.48,83.53,47.29,8.07,64.46,12.83,0.288,251.22,127.08,29.4,0.5,0.031,7.68,Synthetic,-14.960881828073704,6.155938713509492,8.321960036719396,False
16,Synthetic Zone,Synthetic Area 1,SYN-X1,20.308141570552724,85.8378020472209,Monsoon,5.89,557.83,385.13,77.87,61.66,49.92,7.51,35.24,13.16,0.423,147.84,25.89,17.11,30.29,0.097,6.24,Synthetic,10.924325080299305,4.978538215358457,3.9979206664142106,False
17,Synthetic Zone,Synthetic Area 2,SYN-X2,20.338189380378576,85.83630394205235,Monsoon,6.3,588.06,391.92,219.15,68.92,71.51,13.02,43.09,14.92,0.442,112.05,77.4,31.0,20.93,0.219,4.15,Synthetic,15.911222588069016,6.895847060417949,5.002650611243661,False
18,Synthetic Zone,Synthetic Area 3,SYN-X3,20.27951326364419,85.81722363440812,Monsoon,4.64,682.52,463.82,189.45,60.31,68.57,12.71,61.03,6.97,0.355,183.6,111.36,13.32,8.73,0.04,4.06,Synthetic,5.28037162337661,7.300640540062209,6.568308490967168,True
19,Synthetic Zone,Synthetic Area 4,SYN-X4,20.321606371126645,85.85783290925119,Monsoon,5.83,644.22,441.25,154.76,65.23,45.41,11.86,64.06,18.96,0.234,173.05,58.85,32.05,0.5,0.097,6.72,Synthetic,11.48534215848749,6.51343911917122,5.171395843099819,False
20,Synthetic Zone,Synthetic Area 5,SYN-X5,20.309827108213188,85.86480326381376,Monsoon,4.32,698.8,441.91,140.93,105.87,52.63,10.85,93.32,11.26,0.01,176.6,68.21,28.04,47.22,0.054,2.97,Synthetic,12.136240722432486,7.866387314708236,6.163666241625387,False
21,Synthetic Zone,Synthetic Area 6,SYN-X6,20.309499955635854,85.82780651925962,Monsoon,6.53,792.19,433.45,217.88,97.24,45.91,11.79,46.96,20.38,0.39,145.59,91.33,14.92,4.45,0.111,6.72,Synthetic,4.301655330041417,5.8251433847565,5.344657068216209,True
22,Synthetic Zone,Synthetic Area 7,SYN-X7,20.345091101627613,85.83123530177554,Monsoon,5.7,700.59,506.81,166.11,65.2,53.23,5.51,45.54,18.52,0.01,177.12,92.18,17.69,33.98,0.01,6.71,Synthetic,-7.13570848693992,5.564204100159026,6.419312942829446,True
23,Synthetic Zone,Synthetic Area 8,SYN-X8,20.361484340571614,85.83896211638474,Monsoon,4.4,758.73,466.63,192.59,55.21,57.24,19.08,74.31,14.92,0.378,115.57,138.43,22.91,12.04,0.098,6.63,Synthetic,10.822601060494035,8.040518375400794,6.470092814841468,False
24,Synthetic Zone,Synthetic Area 9,SYN-X9,20.31773347874009,85.7752877301114,Monsoon,6.03,722.34,443.26,133.96,122.75,56.17,12.41,48.28,20.56,0.263,190.63,35.36,16.85,0.5,0.102,5.94,Synthetic,18.020666499313673,6.450168087750299,4.480405817774644,False
25,Synthetic Zone,Synthetic Area 10,SYN-X10,20.306835823091365,85.80285337525935,Monsoon,5.63,608.66,326.42,33.95,115.45,37.35,6.6,69.69,14.5,0.275,124.1,61.76,14.81,28.07,0.043,4.57,Synthetic,12.295586821942669,5.80914428573517,4.537022380540369,False
26,Synthetic Zone,Synthetic Area 11,SYN-X11,20.34027310012208,85.79375630084868,Monsoon,6.81,501.17,300.06,75.45,110.89,34.71,7.27,15.54,24.33,0.459,115.08,42.05,2.28,22.07,0.198,4.08,Synthetic,2.154119804034082,3.6285865405007947,3.475554824451774,True
27,Synthetic Zone,Synthetic Area 12,SYN-X12,20.28598454206274,85.79188043765706,Monsoon,6.92,668.01,382.67,199.41,117.23,58.84,9.16,41.39,11.47,0.568,168.88,86.71,13.08,37.14,0.057,2.42,Synthetic,-2.5379699173173433,5.783735570544738,6.084959480518864,True
28,Synthetic Zone,Synthetic Area 13,SYN-X13,20.278024094648956,85.80402923370042,Monsoon,6.22,611.99,416.2,154.72,52.04,42.72,11.1,91.03,0.64,0.313,15.84,154.68,25.37,38.21,0.037,4.14,Synthetic,9.804124443227382,7.02123268970879,5.767417509563125,True
29,Synthetic Zone,Synthetic Area 14,SYN-X14,20.354054744777674,85.85042138056392,Monsoon,5.76,774.54,599.84,259.29,10.0,76.84,10.8,50.2,4.99,0.413,110.11,115.81,25.05,39.13,0.057,7.28,Synthetic,6.112164805775159,7.034399778315731,6.224023120116897,True
30,Synthetic Zone,Synthetic Area 15,SYN-X15,20.33898765496401,85.85266221389833,Monsoon,6.0,374.94,276.63,214.78,69.56,43.04,8.51,14.44,0.5,0.623,20.45,218.56,18.92,46.3,0.01,3.22,Synthetic,-37.30529945950709,3.4890030107909937,7.64113392490594,False
31,Synthetic Zone,Synthetic Area 16,SYN-X16,20.29240432226629,85.86167270240857,Monsoon,7.37,503.46,291.51,88.84,54.44,53.22,9.54,46.59,13.12,0.508,134.92,91.93,17.34,13.75,0.312,2.05,Synthetic,3.7162448339189114,5.802956955399542,5.3871067895650615,True
32,Synthetic Zone,Synthetic Area 17,SYN-X17,20.279192870847492,85.80656310600489,Monsoon,5.42,547.35,308.46,74.72,66.19,28.74,10.62,56.99,24.84,0.61,44.31,102.1,23.09,4.54,0.182,5.44,Synthetic,13.17140920497959,5.422403799496449,4.16023520374371,False
33,Synthetic Zone,Synthetic Area 18,SYN-X18,20.324137345230067,85.78321904216753,Monsoon,7.23,490.54,385.03,209.97,100.57,44.76,13.09,13.05,21.64,0.73,184.12,99.22,7.52,0.5,0.01,5.93,Synthetic,-14.874735801987175,4.4319899782210355,5.980876331154827,False
34,Synthetic Zone,Synthetic Area 19,SYN-X19,20.338475552110975,85.81165313815367,Monsoon,7.22,683.62,351.76,105.66,88.24,43.87,9.86,37.33,14.7,0.572,40.89,115.48,15.63,51.36,0.165,3.32,Synthetic,-0.8045156336404674,5.000352925801111,5.081462708735769,True
35,Synthetic Zone,Synthetic Area 20,SYN-X20,20.34390309989417,85.82221816189178,Monsoon,4.57,703.36,467.58,82.15,92.17,60.3,7.44,83.92,0.5,0.155,110.99,137.37,44.47,15.13,0.079,8.7,Synthetic,2.9723743021295173,7.2843981703481,6.863859009728315,True
36,Synthetic Zone,Synthetic Area 21,SYN-X21,20.283549985775863,85.84640471446886,Monsoon,5.41,628.71,415.95,2.0,121.27,29.88,7.8,63.57,17.36,0.197,229.84,5.0,1.0,56.49,0.01,8.43,Synthetic,4.935031435229478,5.342098310042416,4.839626966972999,True
37,Synthetic Zone,Synthetic Area 22,SYN-X22,20.290676928917225,85.82200956346013,Monsoon,5.91,556.38,434.68,130.3,93.41,63.77,9.84,51.66,12.32,0.177,88.23,63.6,20.81,42.37,0.01,4.77,Synthetic,20.140671171077283,6.554165726663133,4.356653503454479,False
38,Synthetic Zone,Synthetic Area 23,SYN-X23,20.27301586024902,85.83471519877453,Monsoon,5.4,745.15,361.49,60.01,56.83,46.86,11.77,59.43,20.38,0.249,171.99,75.35,21.68,43.18,0.121,6.47,Synthetic,2.569822961362702,6.413312227208961,6.091949148985105,True
39,Synthetic Zone,Synthetic Area 24,SYN-X24,20.33204830995496,85.8107959543306,Monsoon,6.82,546.34,348.33,233.33,72.46,41.9,12.16,34.7,25.08,0.463,160.87,85.42,27.43,12.97,0.103,5.67,Synthetic,-5.274433575716533,5.242425525731894,5.826234654668921,True
40,Synthetic Zone,Synthetic Area 25,SYN-X25,20.36090481136544,85.86034542548153,Monsoon,5.82,580.7,352.54,144.33,49.94,51.21,7.99,44.38,17.17,0.279,120.46,51.39,25.5,7.36,0.257,5.17,Synthetic,15.629327307239704,5.582537348769734,4.073382094463426,False
41,Synthetic Zone,Synthetic Area 26,SYN-X26,20.33625662490733,85.8442937407827,Monsoon,7.24,562.37,360.38,170.01,116.62,51.58,8.64,4.18,17.55,0.57,111.26,64.88,7.25,19.96,0.048,2.0,Synthetic,-2.6208804508288495,3.9156306931978095,4.126402776247618,True
42,Synthetic Zone,Synthetic Area 27,SYN-X27,20.290702704827545,85.83861005644216,Monsoon,4.66,616.3,408.27,94.74,69.82,39.3,4.52,70.97,25.22,0.441,144.12,35.52,28.85,0.5,0.144,7.85,Synthetic,20.84697475681149,6.065101438308063,3.9725539527570013,False
43,Synthetic Zone,Synthetic Area 28,SYN-X28,20.285283159856885,85.7873288557253,Monsoon,6.23,602.77,389.74,150.61,89.89,30.42,15.09,56.89,18.99,0.636,93.85,141.57,34.98,4.0,0.1,5.71,Synthetic,-5.016158757775521,5.720171283838868,6.324343254695084,True
44,Synthetic Zone,Synthetic Area 29,SYN-X29,20.36540932275359,85.83516612648064,Monsoon,5.18,690.31,464.91,335.88,10.0,44.72,13.71,68.45,11.83,0.066,140.22,74.74,33.18,45.29,0.194,3.27,Synthetic,6.5154745097340525,6.6398710028375705,5.827558792503157,True
45,Synthetic Zone,Synthetic Area 30,SYN-X30,20.30856132059905,85.80174498562172,Monsoon,5.59,525.55,395.62,124.71,43.24,48.23,13.41,46.82,10.99,0.209,74.42,46.79,22.22,25.94,0.101,6.27,Synthetic,26.03123917222174,5.828002124302536,3.4205019173637825,False
46,Synthetic Zone,Synthetic Area 31,SYN-X31,20.325854577699555,85.77788788415533,Monsoon,5.21,606.73,418.24,46.13,57.57,69.54,5.88,56.52,14.7,0.214,115.85,131.17,20.71,55.24,0.132,2.36,Synthetic,-0.965956258963791,6.788429776894354,6.920855475852462,True
47,Synthetic Zone,Synthetic Area 32,SYN-X32,20.27493063238381,85.77621420310736,Monsoon,5.87,642.62,457.39,156.07,101.01,49.88,12.7,68.66,17.99,0.528,119.19,54.22,17.71,18.54,0.01,2.0,Synthetic,25.4268573754901,6.98090762405807,4.15053227666326,False
48,Synthetic Zone,Synthetic Area 33,SYN-X33,20.315379516659597,85.83298919625204,Monsoon,6.35,560.59,396.89,265.69,72.13,58.59,8.53,43.5,17.82,0.234,75.37,72.03,24.31,0.5,0.221,2.63,Synthetic,22.474381282584375,5.9735917952270645,3.781251189354721,False
49,Synthetic Zone,Synthetic Area 34,SYN-X34,20.271710509469113,85.84505098008322,Monsoon,6.6,650.57,403.39,287.19,38.4,59.24,11.74,45.96,9.91,0.186,139.66,142.08,9.25,0.5,0.109,5.57,Synthetic,-2.544010737699268,6.174925710352539,6.497308714835752,True
50,Synthetic Zone,Synthetic Area 35,SYN-X35,20.288502040484786,85.84144867871031,Monsoon,5.93,768.28,457.93,294.83,113.29,49.43,15.32,43.64,17.44,0.513,103.87,126.21,21.13,12.95,0.032,3.02,Synthetic,1.339114323677471,6.071724637608268,5.911258790123613,True
1,Population Density,Acharya Vihar (Syn),SYN-PD-1,20.310714780774433,85.82556787699387,Postmonsoon,6.77,547.33,357.51,171.71,10.0,85.23,9.64,13.14,4.74,0.432,57.07,72.26,22.27,44.04,0.048,6.39,Synthetic,16.097888167303793,5.739190120384317,4.147622139480068,False
2,Population Density,Ram Mandir (Syn),SYN-PD-2,20.276281400877863,85.83927365524202,Postmonsoon,6.05,397.01,194.54,151.86,119.35,19.5,12.98,30.98,4.42,0.256,58.82,59.45,21.24,16.37,0.247,6.4,Synthetic,2.259261671039565,3.5019525374214515,3.34721198850085,True
3,Population Density,Sailashree Vihar (Syn),SYN-PD-3,20.34673249101405,85.81748634788671,Postmonsoon,5.61,504.28,311.06,247.62,121.16,47.92,22.55,21.58,0.5,0.246,171.29,78.8,12.47,2.32,0.265,7.16,Synthetic,-1.219581550643457,5.198641353360603,5.3270102585039085,True
4,Population Density,OMFED Square (Syn),SYN-PD-4,20.327274375437003,85.81889957918446,Postmonsoon,5.54,377.86,295.92,226.18,50.11,19.72,26.64,32.79,2.26,0.089,64.49,116.7,8.42,1.43,0.169,6.98,Synthetic,1.2326226001501461,4.6606973325302885,4.547198724730162,True
5,Population Density,Old Town Bhubaneswar (Syn),SYN-PD-5,20.221318459990368,85.8417016725805,Postmonsoon,6.52,302.1,221.56,187.64,120.23,29.31,11.06,2.0,0.5,0.418,39.17,88.07,7.0,0.5,0.1,7.16,Synthetic,-14.035570730223993,2.47264498529574,3.2800715889887595,False
6,Industrial areas,Mancheswar Industrial Estate (Syn),SYN-IA-1,20.303619510455928,85.85279911598937,Postmonsoon,6.55,411.21,277.49,95.73,41.89,42.47,12.14,23.65,2.9,0.26,10.0,115.42,14.48,30.13,0.12,6.07,Synthetic,0.16770928880616506,4.221315363703675,4.207179994082072,True
7,Industrial areas,Chandaka Industrial Estate (Syn),SYN-IA-2,20.346867416528355,85.8225249484564,Postmonsoon,5.31,635.94,386.37,193.49,60.24,73.74,3.32,27.54,13.69,0.51,93.87,120.65,18.97,21.09,0.117,6.79,Synthetic,-1.573872662859813,5.5009317603184895,5.6768559046905835,True
8,Industrial areas,OMFED Industries (Syn),SYN-IA-3,20.326901346267828,85.82802381994496,Postmonsoon,6.26,475.08,346.19,189.4,112.91,49.65,17.25,32.66,7.37,0.13,63.2,115.01,21.53,37.76,0.263,4.32,Synthetic,1.5594216166402732,5.506406705044855,5.3373074819659205,True
9,Industrial areas,Rasulgarh (Syn),SYN-IA-4,20.30483532602217,85.86480365062096,Postmonsoon,6.27,404.07,254.62,116.33,31.5,24.52,4.14,15.39,9.81,0.465,44.15,89.6,15.94,18.48,0.12,6.85,Synthetic,-21.93618359902627,2.4846102632205853,3.8809772208922038,False
10,Industrial areas,Anmol Industries Dabua (Syn),SYN-IA-5,20.357930836038527,85.76309651496767,Postmonsoon,6.72,467.16,265.46,148.65,74.77,8.72,21.93,12.03,6.51,0.01,60.57,105.79,17.67,0.5,0.14,5.64,Synthetic,-19.539015652637858,2.929835163192585,4.352788053406523,False
11,"Dumping 
Yard",Bhuasuni Temple Area (Syn),SYN-DY-1,20.39780941714904,85.79897658338251,Postmonsoon,5.82,537.33,383.69,223.76,78.73,48.56,5.72,33.5,7.9,0.345,47.75,132.9,18.71,50.61,0.146,6.03,Synthetic,-11.507507882407564,4.553136906330993,5.737311011624801,False
12,"Dumping 
Yard",Lingaraj Railway Station (Syn),SYN-DY-2,20.23962847758772,85.8317173125614,Postmonsoon,5.41,638.28,385.94,247.17,88.93,72.39,8.64,24.11,8.23,0.323,127.61,75.61,13.36,27.14,0.296,6.03,Synthetic,6.106295086701401,5.582589327122572,4.94004615376183,True
13,"Dumping 
Yard","BMC Micro 
Composting (Syn)",SYN-DY-3,20.29256925876328,85.82950613340243,Postmonsoon,6.48,516.38,241.61,155.8,84.93,5.0,21.24,23.32,12.2,0.359,50.97,71.08,29.71,27.29,0.165,5.66,Synthetic,-7.961735243604748,3.324023673495842,3.8991104920466984,True
14,"Dumping 
Yard",Gadakan Road (Syn),SYN-DY-4,20.332811189893537,85.84433316335883,Postmonsoon,6.09,409.46,317.88,279.78,124.78,11.07,8.08,28.03,7.23,0.235,15.43,116.3,17.24,25.08,0.078,5.8,Synthetic,-24.216780234546952,2.6215520219722586,4.297003378777113,False
15,"Dumping 
Yard",Daruthenga (Syn),SYN-DY-5,20.384376076808596,85.80112412435783,Postmonsoon,6.21,498.43,289.27,183.88,49.71,35.23,15.62,39.66,14.65,0.01,10.0,124.22,23.23,42.19,0.123,5.16,Synthetic,3.120134084028438,5.143358915298967,4.832110882108107,True
16,Synthetic Zone,Synthetic Area 1,SYN-X1,20.344632043253505,85.79224430844542,Postmonsoon,6.16,598.05,355.4,279.26,55.2,72.69,19.15,29.47,16.18,0.263,91.85,113.56,24.21,10.0,0.081,5.54,Synthetic,12.426191477234694,6.899049616903679,5.373979516704703,False
17,Synthetic Zone,Synthetic Area 2,SYN-X2,20.33225498069294,85.78227532702377,Postmonsoon,5.69,572.41,321.36,27.18,13.02,34.16,1.0,36.63,9.08,0.721,42.54,39.81,36.78,63.27,0.044,4.06,Synthetic,0.08350369371761927,3.6124218444575624,3.6063938666960813,True
18,Synthetic Zone,Synthetic Area 3,SYN-X3,20.31624754764708,85.78915208814739,Postmonsoon,5.81,505.23,364.88,275.28,75.5,52.24,2.25,25.33,8.65,0.168,28.18,141.18,20.1,75.72,0.109,5.63,Synthetic,-19.30684951261277,4.114982617894304,6.084105143680944,False
19,Synthetic Zone,Synthetic Area 4,SYN-X4,20.307097483212974,85.85622674080317,Postmonsoon,5.21,374.79,224.85,135.29,10.0,33.01,11.91,9.86,4.01,0.479,84.19,69.24,1.0,0.5,0.01,8.46,Synthetic,-3.1113055517975585,3.1588921698216623,3.3617698905189983,True
20,Synthetic Zone,Synthetic Area 5,SYN-X5,20.36417931729635,85.80472451649929,Postmonsoon,5.12,329.19,153.84,74.03,44.36,18.31,1.0,27.59,5.08,0.316,17.68,23.73,13.73,44.01,0.231,5.78,Synthetic,8.67008733274658,2.3259874494422466,1.9548362924585017,True
21,Synthetic Zone,Synthetic Area 6,SYN-X6,20.31865810321165,85.82405833577037,Postmonsoon,6.01,554.54,324.97,133.54,85.78,41.2,14.78,18.4,15.17,0.145,16.44,94.61,37.66,67.38,0.179,7.39,Synthetic,-3.7588758486042555,4.460676645926103,4.809116668019538,True
22,Synthetic Zone,Synthetic Area 7,SYN-X7,20.36090268431644,85.8207869065766,Postmonsoon,6.05,508.27,363.95,168.62,10.0,26.5,9.96,23.88,4.05,0.311,99.8,51.0,36.05,39.02,0.092,3.99,Synthetic,-15.11534102571451,3.2844014221893176,4.454102712425341,False
23,Synthetic Zone,Synthetic Area 8,SYN-X8,20.335373153873302,85.86510745664418,Postmonsoon,5.67,572.6,338.24,269.49,38.43,67.74,16.5,19.06,10.09,0.485,132.74,76.41,9.11,12.22,0.217,6.46,Synthetic,10.50774567881015,5.8253765896535254,4.717552422010389,False
24,Synthetic Zone,Synthetic Area 9,SYN-X9,20.302800389287015,85.86314075715786,Postmonsoon,5.65,420.48,243.51,51.89,49.0,20.35,5.03,17.45,4.3,0.539,62.44,58.7,30.09,15.94,0.01,6.05,Synthetic,-21.569834067824576,2.2984609193078858,3.562704595235437,False
25,Synthetic Zone,Synthetic Area 10,SYN-X10,20.357208155522432,85.86599478373005,Postmonsoon,5.98,442.84,198.72,76.95,112.41,35.2,11.11,31.0,8.9,0.186,31.04,90.57,21.67,9.72,0.138,5.65,Synthetic,7.266872229577751,4.2469241547021745,3.6715022269540407,True
26,Synthetic Zone,Synthetic Area 11,SYN-X11,20.292507151880475,85.81296409276032,Postmonsoon,6.47,572.98,429.48,207.64,50.62,72.38,7.91,34.05,13.32,0.721,52.85,159.65,19.69,38.87,0.243,6.39,Synthetic,-2.577634766175018,6.084548945209536,6.406523162526532,True
27,Synthetic Zone,Synthetic Area 12,SYN-X12,20.3525021241559,85.80884471576137,Postmonsoon,5.13,294.38,272.83,144.82,64.14,57.18,6.71,21.9,3.34,0.055,71.04,80.69,24.59,2.18,0.01,6.02,Synthetic,5.4092982215735965,4.443566864318845,3.987505041649697,True
28,Synthetic Zone,Synthetic Area 13,SYN-X13,20.32548783662668,85.78473398405933,Postmonsoon,5.42,560.89,289.56,173.76,101.99,45.47,1.0,17.47,7.95,0.239,42.48,123.64,17.58,33.48,0.111,6.7,Synthetic,-21.12498273298763,3.314487017566977,5.089915624518234,False
29,Synthetic Zone,Synthetic Area 14,SYN-X14,20.271090032144457,85.81412793228255,Postmonsoon,6.21,327.67,203.55,54.67,10.0,41.1,3.9,16.36,6.31,0.616,63.98,77.07,22.52,48.93,0.01,6.69,Synthetic,-15.99563024667562,3.244880677189168,4.480623809583689,False
30,Synthetic Zone,Synthetic Area 15,SYN-X15,20.323354186592603,85.81219844466922,Postmonsoon,6.91,254.38,201.09,67.1,46.94,6.07,24.54,13.1,0.63,0.375,10.0,72.56,24.35,24.14,0.066,6.82,Synthetic,-3.2991513186859787,2.9085727921233686,3.1070368571958857,True
31,Synthetic Zone,Synthetic Area 16,SYN-X16,20.323236110349416,85.8244369709505,Postmonsoon,6.3,359.45,291.43,190.59,10.0,37.53,14.26,26.21,0.76,0.217,111.99,35.73,17.72,27.84,0.07,6.08,Synthetic,6.924404639003534,4.205915278653504,3.6611666898707966,True
32,Synthetic Zone,Synthetic Area 17,SYN-X17,20.33403325626194,85.83788177643986,Postmonsoon,6.64,576.21,311.76,144.94,10.0,33.73,13.43,23.29,9.35,0.462,116.05,72.88,15.64,12.59,0.305,4.29,Synthetic,-5.227132399031918,4.040663113361354,4.486383109138048,True
33,Synthetic Zone,Synthetic Area 18,SYN-X18,20.30788710365399,85.81542805737531,Postmonsoon,5.24,469.13,388.23,178.22,19.64,34.25,1.0,28.41,7.68,0.473,45.84,120.89,15.08,33.72,0.178,6.26,Synthetic,-21.784687252033503,3.223560476362534,5.019225656193952,False
34,Synthetic Zone,Synthetic Area 19,SYN-X19,20.279540367334555,85.82425239054297,Postmonsoon,6.12,324.3,246.47,178.38,66.34,30.8,18.67,22.12,0.5,0.01,85.86,28.16,14.2,12.44,0.19,4.65,Synthetic,20.0225243321055,4.048496845658165,2.6977316113535657,False
35,Synthetic Zone,Synthetic Area 20,SYN-X20,20.3241804461469,85.82057747306871,Postmonsoon,5.75,494.42,347.02,249.26,48.81,45.88,15.16,28.82,6.53,0.177,76.25,104.9,6.01,60.42,0.289,6.72,Synthetic,-3.4149318329612997,4.957753972579717,5.308333874468332,True
36,Synthetic Zone,Synthetic Area 21,SYN-X21,20.29803326684203,85.8450933877585,Postmonsoon,5.62,374.69,294.93,55.71,92.85,23.02,6.17,15.95,8.7,0.466,10.0,109.36,25.1,37.17,0.073,6.51,Synthetic,-25.89522285289993,2.572807823019644,4.370895193352831,False
37,Synthetic Zone,Synthetic Area 22,SYN-X22,20.272928697797855,85.86437257030873,Postmonsoon,5.26,422.64,197.63,156.93,30.38,49.53,2.22,19.95,2.65,0.024,58.48,116.6,14.12,12.92,0.01,5.0,Synthetic,-13.910181837587535,3.589816466712965,4.749883960904639,False
38,Synthetic Zone,Synthetic Area 23,SYN-X23,20.26752687728791,85.86916354667716,Postmonsoon,5.64,441.96,288.17,222.25,54.44,52.79,6.11,28.88,7.98,0.01,57.63,106.72,9.11,34.48,0.175,6.16,Synthetic,-1.110779295460397,4.597402614081053,4.700683833211589,True
39,Synthetic Zone,Synthetic Area 24,SYN-X24,20.3116980934268,85.81419552773367,Postmonsoon,5.94,326.62,190.12,87.24,10.0,33.61,3.22,17.65,0.64,0.672,58.99,11.65,12.78,28.1,0.01,5.6,Synthetic,15.009409114978823,2.726259669028173,2.014673598966689,False
40,Synthetic Zone,Synthetic Area 25,SYN-X25,20.29110693507965,85.77393564681655,Postmonsoon,6.44,434.97,311.17,191.32,55.66,43.97,9.76,15.41,9.65,0.264,29.08,133.85,6.82,36.24,0.13,6.2,Synthetic,-11.967616491550762,3.9144984576277544,4.978816255933411,False
41,Synthetic Zone,Synthetic Area 26,SYN-X26,20.29294155977551,85.78386852587936,Postmonsoon,5.41,363.52,218.1,63.59,85.72,13.68,3.29,23.4,5.05,0.602,95.93,48.09,35.5,35.38,0.245,6.18,Synthetic,-33.72898552509934,2.1004064745735644,4.238432582640711,False
42,Synthetic Zone,Synthetic Area 27,SYN-X27,20.33144461760267,85.8048360305654,Postmonsoon,5.7,468.99,412.16,225.47,53.77,57.27,9.22,14.06,6.45,0.01,100.94,125.02,17.19,13.1,0.01,5.99,Synthetic,-13.377368850282675,4.393164052525768,5.750060631870359,False
43,Synthetic Zone,Synthetic Area 28,SYN-X28,20.342180466173698,85.79362015206793,Postmonsoon,5.85,298.82,204.55,58.57,19.36,28.78,14.68,15.67,0.5,0.456,10.0,76.23,39.45,40.26,0.1,6.68,Synthetic,-6.263646698462727,3.3387466169258047,3.7849497918421036,True
44,Synthetic Zone,Synthetic Area 29,SYN-X29,20.355486019076544,85.82522668484391,Postmonsoon,6.28,573.33,359.25,278.2,30.52,46.96,27.77,29.64,4.56,0.471,111.65,49.09,4.41,15.29,0.204,5.74,Synthetic,25.885878849610737,6.034790320340247,3.552925753119739,False
45,Synthetic Zone,Synthetic Area 30,SYN-X30,20.276913152980228,85.81301305689867,Postmonsoon,4.86,399.39,314.83,161.6,41.84,27.63,3.2,26.41,10.92,0.168,30.43,111.46,25.61,74.5,0.112,6.32,Synthetic,-27.314694618621477,3.0701612186133107,5.377656954549005,False
46,Synthetic Zone,Synthetic Area 31,SYN-X31,20.286138585740307,85.79289707595014,Postmonsoon,5.37,241.12,236.21,105.03,15.06,42.62,7.95,11.67,5.36,0.209,65.72,123.74,21.82,4.15,0.01,6.74,Synthetic,-19.531748944953705,3.4257638988369923,5.088808877184979,False
47,Synthetic Zone,Synthetic Area 32,SYN-X32,20.316099507098553,85.84011773489696,Postmonsoon,7.25,527.07,393.15,256.93,71.67,38.36,3.99,26.74,4.92,0.179,84.01,66.64,21.66,25.36,0.206,6.57,Synthetic,-7.650006579683359,3.5315123180252157,4.116592867975364,True
48,Synthetic Zone,Synthetic Area 33,SYN-X33,20.356624353883674,85.8231447344097,Postmonsoon,5.71,464.58,314.25,222.5,59.78,16.15,15.11,20.66,15.57,0.269,65.45,72.91,14.14,32.92,0.164,6.62,Synthetic,-8.33162321833624,3.3463709290467283,3.954665800374439,True
49,Synthetic Zone,Synthetic Area 34,SYN-X34,20.362046410839163,85.86709201854066,Postmonsoon,5.53,397.45,223.95,164.61,84.9,17.99,7.8,21.28,0.66,0.221,107.88,74.51,16.83,5.3,0.126,6.17,Synthetic,-26.864020359109286,2.4821795295675018,4.3056683717128195,False
50,Synthetic Zone,Synthetic Area 35,SYN-X35,20.351968786331767,85.82292625982957,Postmonsoon,6.63,278.51,303.35,60.49,26.5,49.55,8.59,9.48,6.59,0.095,129.09,57.25,24.61,3.5,0.01,6.21,Synthetic,-6.686045585357305,3.7604461715239066,4.299326228248753,True
